a = 1597, x0 = 91165
Range, Frequency, 
0 - 0.05, 4985.0, 
0.05 - 0.1, 4953.0, 
0.1 - 0.15, 4986.0, 
0.15 - 0.2, 4994.0, 
0.2 - 0.25, 4993.0, 
0.25 - 0.3, 5002.0, 
0.3 - 0.35, 4983.0, 
0.35 - 0.4, 4972.0, 
0.4 - 0.45, 4958.0, 
0.45 - 0.5, 4990.0, 
0.5 - 0.55, 5001.0, 
0.55 - 0.6, 5050.0, 
0.6 - 0.65, 5051.0, 
0.65 - 0.7, 5044.0, 
0.7 - 0.75, 5015.0, 
0.75 - 0.8, 5030.0, 
0.8 - 0.85, 5013.0, 
0.85 - 0.9, 4990.0, 
0.9 - 0.95, 4996.0, 
0.95 - 1.0, 4994.0, 

a = 1597, x0 = 171512
Range, Frequency, 
0 - 0.05, 4990.0, 
0.05 - 0.1, 5010.0, 
0.1 - 0.15, 4982.0, 
0.15 - 0.2, 5011.0, 
0.2 - 0.25, 4997.0, 
0.25 - 0.3, 4999.0, 
0.3 - 0.35, 5004.0, 
0.35 - 0.4, 5003.0, 
0.4 - 0.45, 5001.0, 
0.45 - 0.5, 4996.0, 
0.5 - 0.55, 5006.0, 
0.55 - 0.6, 4985.0, 
0.6 - 0.65, 5027.0, 
0.65 - 0.7, 4979.0, 
0.7 - 0.75, 4996.0, 
0.75 - 0.8, 5006.0, 
0.8 - 0.85, 4994.0, 
0.85 - 0.9, 5011.0, 
0.9 - 0.95, 5004.0, 
0.95 - 1.0, 4999.0, 

a = 1597, x0 = 11841
Range, Frequency, 
0 - 0.05, 4999.0, 
0.05 - 0.1, 4993.0, 
0.1 - 0.15, 4991.0, 
0.15 - 0.2, 4980.0, 
0.2 - 0.25, 4958.0, 
0.25 - 0.3, 4997.0, 
0.3 - 0.35, 4994.0, 
0.35 - 0.4, 5043.0, 
0.4 - 0.45, 5040.0, 
0.45 - 0.5, 5049.0, 
0.5 - 0.55, 5020.0, 
0.55 - 0.6, 5028.0, 
0.6 - 0.65, 5023.0, 
0.65 - 0.7, 4988.0, 
0.7 - 0.75, 4991.0, 
0.75 - 0.8, 4997.0, 
0.8 - 0.85, 4986.0, 
0.85 - 0.9, 4947.0, 
0.9 - 0.95, 4980.0, 
0.95 - 1.0, 4996.0, 

a = 1597, x0 = 228131
Range, Frequency, 
0 - 0.05, 5011.0, 
0.05 - 0.1, 5014.0, 
0.1 - 0.15, 5007.0, 
0.15 - 0.2, 4983.0, 
0.2 - 0.25, 4971.0, 
0.25 - 0.3, 4993.0, 
0.3 - 0.35, 4986.0, 
0.35 - 0.4, 5014.0, 
0.4 - 0.45, 5010.0, 
0.45 - 0.5, 5007.0, 
0.5 - 0.55, 5007.0, 
0.55 - 0.6, 5007.0, 
0.6 - 0.65, 5001.0, 
0.65 - 0.7, 4976.0, 
0.7 - 0.75, 4981.0, 
0.75 - 0.8, 4994.0, 
0.8 - 0.85, 4987.0, 
0.85 - 0.9, 5002.0, 
0.9 - 0.95, 5028.0, 
0.95 - 1.0, 5021.0, 

a = 1597, x0 = 183201
Range, Frequency, 
0 - 0.05, 4967.0, 
0.05 - 0.1, 4993.0, 
0.1 - 0.15, 4995.0, 
0.15 - 0.2, 4994.0, 
0.2 - 0.25, 4995.0, 
0.25 - 0.3, 4992.0, 
0.3 - 0.35, 4957.0, 
0.35 - 0.4, 4985.0, 
0.4 - 0.45, 4989.0, 
0.45 - 0.5, 5016.0, 
0.5 - 0.55, 5045.0, 
0.55 - 0.6, 5045.0, 
0.6 - 0.65, 5033.0, 
0.65 - 0.7, 5019.0, 
0.7 - 0.75, 5037.0, 
0.75 - 0.8, 4990.0, 
0.8 - 0.85, 4993.0, 
0.85 - 0.9, 4994.0, 
0.9 - 0.95, 4994.0, 
0.95 - 1.0, 4967.0, 

a = 51749, x0 = 91165
Range, Frequency, 
0 - 0.05, 5140.0, 
0.05 - 0.1, 4937.0, 
0.1 - 0.15, 5144.0, 
0.15 - 0.2, 4941.0, 
0.2 - 0.25, 4938.0, 
0.25 - 0.3, 5140.0, 
0.3 - 0.35, 4942.0, 
0.35 - 0.4, 4939.0, 
0.4 - 0.45, 4938.0, 
0.45 - 0.5, 4939.0, 
0.5 - 0.55, 4938.0, 
0.55 - 0.6, 4939.0, 
0.6 - 0.65, 4938.0, 
0.65 - 0.7, 4940.0, 
0.7 - 0.75, 5146.0, 
0.75 - 0.8, 4938.0, 
0.8 - 0.85, 4934.0, 
0.85 - 0.9, 5143.0, 
0.9 - 0.95, 4940.0, 
0.95 - 1.0, 5146.0, 

a = 51749, x0 = 171512
Range, Frequency, 
0 - 0.05, 5556.0, 
0.05 - 0.1, 5556.0, 
0.1 - 0.15, 5556.0, 
0.15 - 0.2, 5556.0, 
0.2 - 0.25, 5556.0, 
0.25 - 0.3, 2778.0, 
0.3 - 0.35, 5555.0, 
0.35 - 0.4, 2778.0, 
0.4 - 0.45, 5556.0, 
0.45 - 0.5, 5555.0, 
0.5 - 0.55, 5555.0, 
0.55 - 0.6, 5555.0, 
0.6 - 0.65, 2778.0, 
0.65 - 0.7, 8334.0, 
0.7 - 0.75, 0.0, 
0.75 - 0.8, 8333.0, 
0.8 - 0.85, 2778.0, 
0.85 - 0.9, 5555.0, 
0.9 - 0.95, 5555.0, 
0.95 - 1.0, 5555.0, 

a = 51749, x0 = 11841
Range, Frequency, 
0 - 0.05, 5147.0, 
0.05 - 0.1, 5145.0, 
0.1 - 0.15, 4940.0, 
0.15 - 0.2, 4934.0, 
0.2 - 0.25, 4942.0, 
0.25 - 0.3, 5142.0, 
0.3 - 0.35, 5149.0, 
0.35 - 0.4, 4939.0, 
0.4 - 0.45, 4935.0, 
0.45 - 0.5, 4934.0, 
0.5 - 0.55, 4936.0, 
0.55 - 0.6, 5139.0, 
0.6 - 0.65, 4938.0, 
0.65 - 0.7, 4938.0, 
0.7 - 0.75, 4942.0, 
0.75 - 0.8, 4936.0, 
0.8 - 0.85, 4941.0, 
0.85 - 0.9, 4937.0, 
0.9 - 0.95, 4939.0, 
0.95 - 1.0, 5147.0, 

a = 51749, x0 = 228131
Range, Frequency, 
0 - 0.05, 11111.0, 
0.05 - 0.1, 0.0, 
0.1 - 0.15, 0.0, 
0.15 - 0.2, 5556.0, 
0.2 - 0.25, 16666.0, 
0.25 - 0.3, 0.0, 
0.3 - 0.35, 0.0, 
0.35 - 0.4, 5555.0, 
0.4 - 0.45, 5555.0, 
0.45 - 0.5, 0.0, 
0.5 - 0.55, 0.0, 
0.55 - 0.6, 16666.0, 
0.6 - 0.65, 5556.0, 
0.65 - 0.7, 0.0, 
0.7 - 0.75, 0.0, 
0.75 - 0.8, 11112.0, 
0.8 - 0.85, 0.0, 
0.85 - 0.9, 0.0, 
0.9 - 0.95, 5556.0, 
0.95 - 1.0, 16667.0, 

a = 51749, x0 = 183201
Range, Frequency, 
0 - 0.05, 5146.0, 
0.05 - 0.1, 4940.0, 
0.1 - 0.15, 4939.0, 
0.15 - 0.2, 4939.0, 
0.2 - 0.25, 4935.0, 
0.25 - 0.3, 5146.0, 
0.3 - 0.35, 4934.0, 
0.35 - 0.4, 4940.0, 
0.4 - 0.45, 5142.0, 
0.45 - 0.5, 4939.0, 
0.5 - 0.55, 4939.0, 
0.55 - 0.6, 5145.0, 
0.6 - 0.65, 4935.0, 
0.65 - 0.7, 4938.0, 
0.7 - 0.75, 5141.0, 
0.75 - 0.8, 4940.0, 
0.8 - 0.85, 4936.0, 
0.85 - 0.9, 4940.0, 
0.9 - 0.95, 4940.0, 
0.95 - 1.0, 5146.0, 

a = 1597, x0 = 119844
Range, Frequency, 
0 - 0.05, 5025.0, 
0.05 - 0.1, 5009.0, 
0.1 - 0.15, 4970.0, 
0.15 - 0.2, 4994.0, 
0.2 - 0.25, 5031.0, 
0.25 - 0.3, 4972.0, 
0.3 - 0.35, 4990.0, 
0.35 - 0.4, 4992.0, 
0.4 - 0.45, 5008.0, 
0.45 - 0.5, 5008.0, 
0.5 - 0.55, 5001.0, 
0.55 - 0.6, 5019.0, 
0.6 - 0.65, 5007.0, 
0.65 - 0.7, 4983.0, 
0.7 - 0.75, 4999.0, 
0.75 - 0.8, 5009.0, 
0.8 - 0.85, 4987.0, 
0.85 - 0.9, 4996.0, 
0.9 - 0.95, 5007.0, 
0.95 - 1.0, 4993.0, 

a = 1597, x0 = 109358
Range, Frequency, 
0 - 0.05, 5006.0, 
0.05 - 0.1, 4971.0, 
0.1 - 0.15, 4978.0, 
0.15 - 0.2, 5012.0, 
0.2 - 0.25, 5000.0, 
0.25 - 0.3, 4973.0, 
0.3 - 0.35, 5020.0, 
0.35 - 0.4, 5040.0, 
0.4 - 0.45, 4998.0, 
0.45 - 0.5, 4975.0, 
0.5 - 0.55, 5007.0, 
0.55 - 0.6, 5019.0, 
0.6 - 0.65, 4990.0, 
0.65 - 0.7, 4989.0, 
0.7 - 0.75, 5003.0, 
0.75 - 0.8, 5003.0, 
0.8 - 0.85, 4996.0, 
0.85 - 0.9, 5035.0, 
0.9 - 0.95, 4976.0, 
0.95 - 1.0, 5009.0, 

a = 1597, x0 = 24453
Range, Frequency, 
0 - 0.05, 4999.0, 
0.05 - 0.1, 5016.0, 
0.1 - 0.15, 5028.0, 
0.15 - 0.2, 4977.0, 
0.2 - 0.25, 5011.0, 
0.25 - 0.3, 4993.0, 
0.3 - 0.35, 5003.0, 
0.35 - 0.4, 5035.0, 
0.4 - 0.45, 5001.0, 
0.45 - 0.5, 4997.0, 
0.5 - 0.55, 4988.0, 
0.55 - 0.6, 5003.0, 
0.6 - 0.65, 4993.0, 
0.65 - 0.7, 4998.0, 
0.7 - 0.75, 5006.0, 
0.75 - 0.8, 4988.0, 
0.8 - 0.85, 4991.0, 
0.85 - 0.9, 4973.0, 
0.9 - 0.95, 5007.0, 
0.95 - 1.0, 4993.0, 

a = 1597, x0 = 14822
Range, Frequency, 
0 - 0.05, 4982.0, 
0.05 - 0.1, 5005.0, 
0.1 - 0.15, 5029.0, 
0.15 - 0.2, 4968.0, 
0.2 - 0.25, 4981.0, 
0.25 - 0.3, 5026.0, 
0.3 - 0.35, 5000.0, 
0.35 - 0.4, 5008.0, 
0.4 - 0.45, 5019.0, 
0.45 - 0.5, 4975.0, 
0.5 - 0.55, 4993.0, 
0.55 - 0.6, 5017.0, 
0.6 - 0.65, 4966.0, 
0.65 - 0.7, 4997.0, 
0.7 - 0.75, 5021.0, 
0.75 - 0.8, 4998.0, 
0.8 - 0.85, 4986.0, 
0.85 - 0.9, 5017.0, 
0.9 - 0.95, 5033.0, 
0.95 - 1.0, 4979.0, 

a = 1597, x0 = 16331
Range, Frequency, 
0 - 0.05, 5000.0, 
0.05 - 0.1, 5003.0, 
0.1 - 0.15, 5024.0, 
0.15 - 0.2, 4978.0, 
0.2 - 0.25, 5019.0, 
0.25 - 0.3, 4986.0, 
0.3 - 0.35, 5003.0, 
0.35 - 0.4, 5004.0, 
0.4 - 0.45, 5029.0, 
0.45 - 0.5, 5029.0, 
0.5 - 0.55, 4985.0, 
0.55 - 0.6, 4981.0, 
0.6 - 0.65, 4994.0, 
0.65 - 0.7, 4990.0, 
0.7 - 0.75, 5013.0, 
0.75 - 0.8, 5016.0, 
0.8 - 0.85, 4998.0, 
0.85 - 0.9, 4978.0, 
0.9 - 0.95, 4984.0, 
0.95 - 1.0, 4986.0, 

a = 51749, x0 = 119844
Range, Frequency, 
0 - 0.05, 5097.0, 
0.05 - 0.1, 4933.0, 
0.1 - 0.15, 4979.0, 
0.15 - 0.2, 5036.0, 
0.2 - 0.25, 4928.0, 
0.25 - 0.3, 5038.0, 
0.3 - 0.35, 4992.0, 
0.35 - 0.4, 4939.0, 
0.4 - 0.45, 5089.0, 
0.45 - 0.5, 4936.0, 
0.5 - 0.55, 4939.0, 
0.55 - 0.6, 5090.0, 
0.6 - 0.65, 4939.0, 
0.65 - 0.7, 4998.0, 
0.7 - 0.75, 5052.0, 
0.75 - 0.8, 4943.0, 
0.8 - 0.85, 5044.0, 
0.85 - 0.9, 4991.0, 
0.9 - 0.95, 4944.0, 
0.95 - 1.0, 5093.0, 

a = 51749, x0 = 109358
Range, Frequency, 
0 - 0.05, 5091.0, 
0.05 - 0.1, 4938.0, 
0.1 - 0.15, 4937.0, 
0.15 - 0.2, 4936.0, 
0.2 - 0.25, 5092.0, 
0.25 - 0.3, 5089.0, 
0.3 - 0.35, 4936.0, 
0.35 - 0.4, 4936.0, 
0.4 - 0.45, 4934.0, 
0.45 - 0.5, 5095.0, 
0.5 - 0.55, 5099.0, 
0.55 - 0.6, 4942.0, 
0.6 - 0.65, 4943.0, 
0.65 - 0.7, 4945.0, 
0.7 - 0.75, 5096.0, 
0.75 - 0.8, 5092.0, 
0.8 - 0.85, 4935.0, 
0.85 - 0.9, 4934.0, 
0.9 - 0.95, 4938.0, 
0.95 - 1.0, 5092.0, 

a = 51749, x0 = 24453
Range, Frequency, 
0 - 0.05, 5045.0, 
0.05 - 0.1, 4996.0, 
0.1 - 0.15, 4938.0, 
0.15 - 0.2, 5044.0, 
0.2 - 0.25, 4996.0, 
0.25 - 0.3, 4996.0, 
0.3 - 0.35, 5048.0, 
0.35 - 0.4, 4950.0, 
0.4 - 0.45, 5049.0, 
0.45 - 0.5, 4987.0, 
0.5 - 0.55, 4987.0, 
0.55 - 0.6, 5038.0, 
0.6 - 0.65, 4934.0, 
0.65 - 0.7, 5040.0, 
0.7 - 0.75, 4988.0, 
0.75 - 0.8, 4982.0, 
0.8 - 0.85, 5031.0, 
0.85 - 0.9, 4930.0, 
0.9 - 0.95, 4985.0, 
0.95 - 1.0, 5036.0, 

a = 51749, x0 = 14822
Range, Frequency, 
0 - 0.05, 5092.0, 
0.05 - 0.1, 4936.0, 
0.1 - 0.15, 4944.0, 
0.15 - 0.2, 5091.0, 
0.2 - 0.25, 4936.0, 
0.25 - 0.3, 5094.0, 
0.3 - 0.35, 4940.0, 
0.35 - 0.4, 4938.0, 
0.4 - 0.45, 5093.0, 
0.45 - 0.5, 4937.0, 
0.5 - 0.55, 4942.0, 
0.55 - 0.6, 5093.0, 
0.6 - 0.65, 4935.0, 
0.65 - 0.7, 4939.0, 
0.7 - 0.75, 5096.0, 
0.75 - 0.8, 4933.0, 
0.8 - 0.85, 5091.0, 
0.85 - 0.9, 4937.0, 
0.9 - 0.95, 4943.0, 
0.95 - 1.0, 5090.0, 

a = 51749, x0 = 16331
Range, Frequency, 
0 - 0.05, 8334.0, 
0.05 - 0.1, 1389.0, 
0.1 - 0.15, 6943.0, 
0.15 - 0.2, 6945.0, 
0.2 - 0.25, 1388.0, 
0.25 - 0.3, 8334.0, 
0.3 - 0.35, 0.0, 
0.35 - 0.4, 8333.0, 
0.4 - 0.45, 1389.0, 
0.45 - 0.5, 6945.0, 
0.5 - 0.55, 6945.0, 
0.55 - 0.6, 1389.0, 
0.6 - 0.65, 8333.0, 
0.65 - 0.7, 0.0, 
0.7 - 0.75, 8334.0, 
0.75 - 0.8, 1389.0, 
0.8 - 0.85, 6945.0, 
0.85 - 0.9, 6944.0, 
0.9 - 0.95, 1389.0, 
0.95 - 1.0, 8332.0, 

a = 1597, x0 = 109837
Range, Frequency, 
0 - 0.05, 5017.0, 
0.05 - 0.1, 5003.0, 
0.1 - 0.15, 4997.0, 
0.15 - 0.2, 4986.0, 
0.2 - 0.25, 5004.0, 
0.25 - 0.3, 5006.0, 
0.3 - 0.35, 4979.0, 
0.35 - 0.4, 5023.0, 
0.4 - 0.45, 4980.0, 
0.45 - 0.5, 5003.0, 
0.5 - 0.55, 4982.0, 
0.55 - 0.6, 5003.0, 
0.6 - 0.65, 4996.0, 
0.65 - 0.7, 4999.0, 
0.7 - 0.75, 5009.0, 
0.75 - 0.8, 5015.0, 
0.8 - 0.85, 5008.0, 
0.85 - 0.9, 4981.0, 
0.9 - 0.95, 5013.0, 
0.95 - 1.0, 4996.0, 

a = 1597, x0 = 103004
Range, Frequency, 
0 - 0.05, 4972.0, 
0.05 - 0.1, 4994.0, 
0.1 - 0.15, 5025.0, 
0.15 - 0.2, 4993.0, 
0.2 - 0.25, 4983.0, 
0.25 - 0.3, 5037.0, 
0.3 - 0.35, 5001.0, 
0.35 - 0.4, 4988.0, 
0.4 - 0.45, 4997.0, 
0.45 - 0.5, 4994.0, 
0.5 - 0.55, 5006.0, 
0.55 - 0.6, 4974.0, 
0.6 - 0.65, 5001.0, 
0.65 - 0.7, 4997.0, 
0.7 - 0.75, 5013.0, 
0.75 - 0.8, 5012.0, 
0.8 - 0.85, 5018.0, 
0.85 - 0.9, 4973.0, 
0.9 - 0.95, 5001.0, 
0.95 - 1.0, 5021.0, 

a = 1597, x0 = 59722
Range, Frequency, 
0 - 0.05, 5016.0, 
0.05 - 0.1, 5026.0, 
0.1 - 0.15, 4993.0, 
0.15 - 0.2, 4995.0, 
0.2 - 0.25, 5014.0, 
0.25 - 0.3, 4990.0, 
0.3 - 0.35, 5007.0, 
0.35 - 0.4, 4981.0, 
0.4 - 0.45, 5023.0, 
0.45 - 0.5, 5003.0, 
0.5 - 0.55, 4979.0, 
0.55 - 0.6, 5032.0, 
0.6 - 0.65, 5009.0, 
0.65 - 0.7, 4967.0, 
0.7 - 0.75, 4989.0, 
0.75 - 0.8, 5016.0, 
0.8 - 0.85, 4985.0, 
0.85 - 0.9, 4990.0, 
0.9 - 0.95, 4998.0, 
0.95 - 1.0, 4987.0, 

a = 1597, x0 = 147285
Range, Frequency, 
0 - 0.05, 5005.0, 
0.05 - 0.1, 4982.0, 
0.1 - 0.15, 5020.0, 
0.15 - 0.2, 5016.0, 
0.2 - 0.25, 5006.0, 
0.25 - 0.3, 5002.0, 
0.3 - 0.35, 4991.0, 
0.35 - 0.4, 4990.0, 
0.4 - 0.45, 5006.0, 
0.45 - 0.5, 4992.0, 
0.5 - 0.55, 5011.0, 
0.55 - 0.6, 4987.0, 
0.6 - 0.65, 5001.0, 
0.65 - 0.7, 4973.0, 
0.7 - 0.75, 5007.0, 
0.75 - 0.8, 4994.0, 
0.8 - 0.85, 5003.0, 
0.85 - 0.9, 5012.0, 
0.9 - 0.95, 5029.0, 
0.95 - 1.0, 4973.0, 

a = 1597, x0 = 82224
Range, Frequency, 
0 - 0.05, 5010.0, 
0.05 - 0.1, 4986.0, 
0.1 - 0.15, 4987.0, 
0.15 - 0.2, 5006.0, 
0.2 - 0.25, 4992.0, 
0.25 - 0.3, 4982.0, 
0.3 - 0.35, 5009.0, 
0.35 - 0.4, 5005.0, 
0.4 - 0.45, 4982.0, 
0.45 - 0.5, 5024.0, 
0.5 - 0.55, 5008.0, 
0.55 - 0.6, 4995.0, 
0.6 - 0.65, 4998.0, 
0.65 - 0.7, 4985.0, 
0.7 - 0.75, 5012.0, 
0.75 - 0.8, 4992.0, 
0.8 - 0.85, 4998.0, 
0.85 - 0.9, 4993.0, 
0.9 - 0.95, 5001.0, 
0.95 - 1.0, 5035.0, 

a = 51749, x0 = 109837
Range, Frequency, 
0 - 0.05, 5034.0, 
0.05 - 0.1, 4988.0, 
0.1 - 0.15, 4983.0, 
0.15 - 0.2, 5031.0, 
0.2 - 0.25, 4929.0, 
0.25 - 0.3, 5035.0, 
0.3 - 0.35, 4985.0, 
0.35 - 0.4, 4996.0, 
0.4 - 0.45, 4996.0, 
0.45 - 0.5, 4992.0, 
0.5 - 0.55, 4990.0, 
0.55 - 0.6, 4994.0, 
0.6 - 0.65, 4997.0, 
0.65 - 0.7, 4996.0, 
0.7 - 0.75, 5051.0, 
0.75 - 0.8, 4946.0, 
0.8 - 0.85, 5040.0, 
0.85 - 0.9, 4987.0, 
0.9 - 0.95, 4989.0, 
0.95 - 1.0, 5041.0, 

a = 51749, x0 = 103004
Range, Frequency, 
0 - 0.05, 5248.0, 
0.05 - 0.1, 4940.0, 
0.1 - 0.15, 4934.0, 
0.15 - 0.2, 5247.0, 
0.2 - 0.25, 4629.0, 
0.25 - 0.3, 5097.0, 
0.3 - 0.35, 5091.0, 
0.35 - 0.4, 4629.0, 
0.4 - 0.45, 5247.0, 
0.45 - 0.5, 4943.0, 
0.5 - 0.55, 4937.0, 
0.55 - 0.6, 5243.0, 
0.6 - 0.65, 4632.0, 
0.65 - 0.7, 5094.0, 
0.7 - 0.75, 5092.0, 
0.75 - 0.8, 4627.0, 
0.8 - 0.85, 5246.0, 
0.85 - 0.9, 4943.0, 
0.9 - 0.95, 4937.0, 
0.95 - 1.0, 5244.0, 

a = 51749, x0 = 59722
Range, Frequency, 
0 - 0.05, 4986.0, 
0.05 - 0.1, 4943.0, 
0.1 - 0.15, 5034.0, 
0.15 - 0.2, 4990.0, 
0.2 - 0.25, 5046.0, 
0.25 - 0.3, 4979.0, 
0.3 - 0.35, 4945.0, 
0.35 - 0.4, 5036.0, 
0.4 - 0.45, 4993.0, 
0.45 - 0.5, 5044.0, 
0.5 - 0.55, 4992.0, 
0.55 - 0.6, 4938.0, 
0.6 - 0.65, 5042.0, 
0.65 - 0.7, 4990.0, 
0.7 - 0.75, 5038.0, 
0.75 - 0.8, 4995.0, 
0.8 - 0.85, 4932.0, 
0.85 - 0.9, 4995.0, 
0.9 - 0.95, 5042.0, 
0.95 - 1.0, 5040.0, 

a = 51749, x0 = 147285
Range, Frequency, 
0 - 0.05, 5139.0, 
0.05 - 0.1, 4982.0, 
0.1 - 0.15, 4928.0, 
0.15 - 0.2, 4937.0, 
0.2 - 0.25, 4993.0, 
0.25 - 0.3, 5150.0, 
0.3 - 0.35, 4997.0, 
0.35 - 0.4, 4941.0, 
0.4 - 0.45, 4941.0, 
0.45 - 0.5, 4990.0, 
0.5 - 0.55, 5102.0, 
0.55 - 0.6, 5000.0, 
0.6 - 0.65, 4988.0, 
0.65 - 0.7, 4938.0, 
0.7 - 0.75, 4990.0, 
0.75 - 0.8, 4987.0, 
0.8 - 0.85, 5092.0, 
0.85 - 0.9, 4989.0, 
0.9 - 0.95, 4935.0, 
0.95 - 1.0, 4981.0, 

a = 51749, x0 = 82224
Range, Frequency, 
0 - 0.05, 5000.0, 
0.05 - 0.1, 4945.0, 
0.1 - 0.15, 4993.0, 
0.15 - 0.2, 5043.0, 
0.2 - 0.25, 5045.0, 
0.25 - 0.3, 4992.0, 
0.3 - 0.35, 4942.0, 
0.35 - 0.4, 4991.0, 
0.4 - 0.45, 4984.0, 
0.45 - 0.5, 5087.0, 
0.5 - 0.55, 4982.0, 
0.55 - 0.6, 4931.0, 
0.6 - 0.65, 4935.0, 
0.65 - 0.7, 4990.0, 
0.7 - 0.75, 5144.0, 
0.75 - 0.8, 4985.0, 
0.8 - 0.85, 4931.0, 
0.85 - 0.9, 4937.0, 
0.9 - 0.95, 4990.0, 
0.95 - 1.0, 5153.0, 

a = 1597, x0 = 83735
Range, Frequency, 
0 - 0.05, 4991.0, 
0.05 - 0.1, 4981.0, 
0.1 - 0.15, 4989.0, 
0.15 - 0.2, 4996.0, 
0.2 - 0.25, 5014.0, 
0.25 - 0.3, 5017.0, 
0.3 - 0.35, 4995.0, 
0.35 - 0.4, 4973.0, 
0.4 - 0.45, 4976.0, 
0.45 - 0.5, 4984.0, 
0.5 - 0.55, 5001.0, 
0.55 - 0.6, 5004.0, 
0.6 - 0.65, 5023.0, 
0.65 - 0.7, 4982.0, 
0.7 - 0.75, 5025.0, 
0.75 - 0.8, 4992.0, 
0.8 - 0.85, 5003.0, 
0.85 - 0.9, 5001.0, 
0.9 - 0.95, 5021.0, 
0.95 - 1.0, 5032.0, 

a = 1597, x0 = 112584
Range, Frequency, 
0 - 0.05, 5002.0, 
0.05 - 0.1, 5021.0, 
0.1 - 0.15, 5003.0, 
0.15 - 0.2, 4972.0, 
0.2 - 0.25, 4997.0, 
0.25 - 0.3, 4999.0, 
0.3 - 0.35, 4999.0, 
0.35 - 0.4, 4992.0, 
0.4 - 0.45, 4998.0, 
0.45 - 0.5, 5003.0, 
0.5 - 0.55, 5021.0, 
0.55 - 0.6, 4996.0, 
0.6 - 0.65, 5001.0, 
0.65 - 0.7, 4982.0, 
0.7 - 0.75, 5004.0, 
0.75 - 0.8, 5021.0, 
0.8 - 0.85, 4973.0, 
0.85 - 0.9, 4989.0, 
0.9 - 0.95, 5019.0, 
0.95 - 1.0, 5008.0, 

a = 1597, x0 = 229712
Range, Frequency, 
0 - 0.05, 5002.0, 
0.05 - 0.1, 5006.0, 
0.1 - 0.15, 4989.0, 
0.15 - 0.2, 5016.0, 
0.2 - 0.25, 5031.0, 
0.25 - 0.3, 4988.0, 
0.3 - 0.35, 4981.0, 
0.35 - 0.4, 4997.0, 
0.4 - 0.45, 5028.0, 
0.45 - 0.5, 4977.0, 
0.5 - 0.55, 4985.0, 
0.55 - 0.6, 5019.0, 
0.6 - 0.65, 5007.0, 
0.65 - 0.7, 5003.0, 
0.7 - 0.75, 5015.0, 
0.75 - 0.8, 4989.0, 
0.8 - 0.85, 4985.0, 
0.85 - 0.9, 5014.0, 
0.9 - 0.95, 4974.0, 
0.95 - 1.0, 4994.0, 

a = 1597, x0 = 186593
Range, Frequency, 
0 - 0.05, 5026.0, 
0.05 - 0.1, 4974.0, 
0.1 - 0.15, 4996.0, 
0.15 - 0.2, 4987.0, 
0.2 - 0.25, 5001.0, 
0.25 - 0.3, 5012.0, 
0.3 - 0.35, 5011.0, 
0.35 - 0.4, 4984.0, 
0.4 - 0.45, 4985.0, 
0.45 - 0.5, 4983.0, 
0.5 - 0.55, 4995.0, 
0.55 - 0.6, 5006.0, 
0.6 - 0.65, 5024.0, 
0.65 - 0.7, 4981.0, 
0.7 - 0.75, 5013.0, 
0.75 - 0.8, 4993.0, 
0.8 - 0.85, 4999.0, 
0.85 - 0.9, 4998.0, 
0.9 - 0.95, 5020.0, 
0.95 - 1.0, 5012.0, 

a = 1597, x0 = 137780
Range, Frequency, 
0 - 0.05, 4996.0, 
0.05 - 0.1, 5001.0, 
0.1 - 0.15, 4998.0, 
0.15 - 0.2, 5001.0, 
0.2 - 0.25, 5019.0, 
0.25 - 0.3, 5012.0, 
0.3 - 0.35, 4988.0, 
0.35 - 0.4, 4982.0, 
0.4 - 0.45, 4996.0, 
0.45 - 0.5, 5017.0, 
0.5 - 0.55, 4970.0, 
0.55 - 0.6, 4999.0, 
0.6 - 0.65, 5019.0, 
0.65 - 0.7, 5008.0, 
0.7 - 0.75, 5000.0, 
0.75 - 0.8, 5016.0, 
0.8 - 0.85, 4992.0, 
0.85 - 0.9, 4993.0, 
0.9 - 0.95, 5017.0, 
0.95 - 1.0, 4976.0, 

a = 51749, x0 = 83735
Range, Frequency, 
0 - 0.05, 5097.0, 
0.05 - 0.1, 4944.0, 
0.1 - 0.15, 5094.0, 
0.15 - 0.2, 4936.0, 
0.2 - 0.25, 4937.0, 
0.25 - 0.3, 5092.0, 
0.3 - 0.35, 4936.0, 
0.35 - 0.4, 4935.0, 
0.4 - 0.45, 5089.0, 
0.45 - 0.5, 4937.0, 
0.5 - 0.55, 4937.0, 
0.55 - 0.6, 5091.0, 
0.6 - 0.65, 4939.0, 
0.65 - 0.7, 4938.0, 
0.7 - 0.75, 5092.0, 
0.75 - 0.8, 4936.0, 
0.8 - 0.85, 4938.0, 
0.85 - 0.9, 5095.0, 
0.9 - 0.95, 4940.0, 
0.95 - 1.0, 5097.0, 

a = 51749, x0 = 112584
Range, Frequency, 
0 - 0.05, 5095.0, 
0.05 - 0.1, 5086.0, 
0.1 - 0.15, 4941.0, 
0.15 - 0.2, 4939.0, 
0.2 - 0.25, 4931.0, 
0.25 - 0.3, 4949.0, 
0.3 - 0.35, 5084.0, 
0.35 - 0.4, 5097.0, 
0.4 - 0.45, 4938.0, 
0.45 - 0.5, 4936.0, 
0.5 - 0.55, 4937.0, 
0.55 - 0.6, 4939.0, 
0.6 - 0.65, 5093.0, 
0.65 - 0.7, 5090.0, 
0.7 - 0.75, 4947.0, 
0.75 - 0.8, 4932.0, 
0.8 - 0.85, 4948.0, 
0.85 - 0.9, 4935.0, 
0.9 - 0.95, 5090.0, 
0.95 - 1.0, 5093.0, 

a = 51749, x0 = 229712
Range, Frequency, 
0 - 0.05, 6943.0, 
0.05 - 0.1, 4166.0, 
0.1 - 0.15, 5556.0, 
0.15 - 0.2, 4167.0, 
0.2 - 0.25, 4166.0, 
0.25 - 0.3, 6945.0, 
0.3 - 0.35, 2777.0, 
0.35 - 0.4, 6945.0, 
0.4 - 0.45, 4167.0, 
0.45 - 0.5, 4167.0, 
0.5 - 0.55, 4167.0, 
0.55 - 0.6, 4167.0, 
0.6 - 0.65, 6943.0, 
0.65 - 0.7, 2778.0, 
0.7 - 0.75, 6945.0, 
0.75 - 0.8, 4167.0, 
0.8 - 0.85, 4166.0, 
0.85 - 0.9, 5556.0, 
0.9 - 0.95, 4167.0, 
0.95 - 1.0, 6945.0, 

a = 51749, x0 = 186593
Range, Frequency, 
0 - 0.05, 5556.0, 
0.05 - 0.1, 5556.0, 
0.1 - 0.15, 5556.0, 
0.15 - 0.2, 4166.0, 
0.2 - 0.25, 4166.0, 
0.25 - 0.3, 5556.0, 
0.3 - 0.35, 5555.0, 
0.35 - 0.4, 4167.0, 
0.4 - 0.45, 4167.0, 
0.45 - 0.5, 5555.0, 
0.5 - 0.55, 5555.0, 
0.55 - 0.6, 4167.0, 
0.6 - 0.65, 4166.0, 
0.65 - 0.7, 5556.0, 
0.7 - 0.75, 5556.0, 
0.75 - 0.8, 4167.0, 
0.8 - 0.85, 4166.0, 
0.85 - 0.9, 5556.0, 
0.9 - 0.95, 5555.0, 
0.95 - 1.0, 5556.0, 

a = 51749, x0 = 137780
Range, Frequency, 
0 - 0.05, 4782.0, 
0.05 - 0.1, 4938.0, 
0.1 - 0.15, 5244.0, 
0.15 - 0.2, 4635.0, 
0.2 - 0.25, 5400.0, 
0.25 - 0.3, 4779.0, 
0.3 - 0.35, 4786.0, 
0.35 - 0.4, 5403.0, 
0.4 - 0.45, 4627.0, 
0.45 - 0.5, 5401.0, 
0.5 - 0.55, 4785.0, 
0.55 - 0.6, 4787.0, 
0.6 - 0.65, 5401.0, 
0.65 - 0.7, 4629.0, 
0.7 - 0.75, 5401.0, 
0.75 - 0.8, 4788.0, 
0.8 - 0.85, 4780.0, 
0.85 - 0.9, 5401.0, 
0.9 - 0.95, 4632.0, 
0.95 - 1.0, 5401.0, 

a = 1597, x0 = 15206
Range, Frequency, 
0 - 0.05, 5016.0, 
0.05 - 0.1, 4981.0, 
0.1 - 0.15, 4985.0, 
0.15 - 0.2, 4997.0, 
0.2 - 0.25, 5011.0, 
0.25 - 0.3, 5005.0, 
0.3 - 0.35, 5004.0, 
0.35 - 0.4, 5023.0, 
0.4 - 0.45, 4998.0, 
0.45 - 0.5, 4986.0, 
0.5 - 0.55, 5003.0, 
0.55 - 0.6, 5005.0, 
0.6 - 0.65, 4994.0, 
0.65 - 0.7, 4996.0, 
0.7 - 0.75, 5013.0, 
0.75 - 0.8, 4997.0, 
0.8 - 0.85, 5013.0, 
0.85 - 0.9, 5005.0, 
0.9 - 0.95, 4971.0, 
0.95 - 1.0, 4997.0, 

a = 1597, x0 = 7822
Range, Frequency, 
0 - 0.05, 5014.0, 
0.05 - 0.1, 4981.0, 
0.1 - 0.15, 4998.0, 
0.15 - 0.2, 5005.0, 
0.2 - 0.25, 5023.0, 
0.25 - 0.3, 5016.0, 
0.3 - 0.35, 4982.0, 
0.35 - 0.4, 4998.0, 
0.4 - 0.45, 5007.0, 
0.45 - 0.5, 4985.0, 
0.5 - 0.55, 4976.0, 
0.55 - 0.6, 5006.0, 
0.6 - 0.65, 5006.0, 
0.65 - 0.7, 4979.0, 
0.7 - 0.75, 5019.0, 
0.75 - 0.8, 5013.0, 
0.8 - 0.85, 5006.0, 
0.85 - 0.9, 5001.0, 
0.9 - 0.95, 4970.0, 
0.95 - 1.0, 5015.0, 

a = 1597, x0 = 119068
Range, Frequency, 
0 - 0.05, 4992.0, 
0.05 - 0.1, 5008.0, 
0.1 - 0.15, 5025.0, 
0.15 - 0.2, 5002.0, 
0.2 - 0.25, 4979.0, 
0.25 - 0.3, 5009.0, 
0.3 - 0.35, 5002.0, 
0.35 - 0.4, 4987.0, 
0.4 - 0.45, 4988.0, 
0.45 - 0.5, 4989.0, 
0.5 - 0.55, 5000.0, 
0.55 - 0.6, 4981.0, 
0.6 - 0.65, 5022.0, 
0.65 - 0.7, 4995.0, 
0.7 - 0.75, 5028.0, 
0.75 - 0.8, 5004.0, 
0.8 - 0.85, 4983.0, 
0.85 - 0.9, 5002.0, 
0.9 - 0.95, 5018.0, 
0.95 - 1.0, 4986.0, 

a = 1597, x0 = 125059
Range, Frequency, 
0 - 0.05, 5008.0, 
0.05 - 0.1, 4985.0, 
0.1 - 0.15, 5024.0, 
0.15 - 0.2, 4987.0, 
0.2 - 0.25, 5017.0, 
0.25 - 0.3, 5023.0, 
0.3 - 0.35, 5032.0, 
0.35 - 0.4, 4972.0, 
0.4 - 0.45, 4994.0, 
0.45 - 0.5, 4983.0, 
0.5 - 0.55, 5005.0, 
0.55 - 0.6, 5011.0, 
0.6 - 0.65, 5013.0, 
0.65 - 0.7, 4994.0, 
0.7 - 0.75, 4981.0, 
0.75 - 0.8, 4971.0, 
0.8 - 0.85, 4999.0, 
0.85 - 0.9, 4994.0, 
0.9 - 0.95, 5024.0, 
0.95 - 1.0, 4983.0, 

a = 1597, x0 = 147876
Range, Frequency, 
0 - 0.05, 5021.0, 
0.05 - 0.1, 5000.0, 
0.1 - 0.15, 5021.0, 
0.15 - 0.2, 5004.0, 
0.2 - 0.25, 4991.0, 
0.25 - 0.3, 4988.0, 
0.3 - 0.35, 4985.0, 
0.35 - 0.4, 4992.0, 
0.4 - 0.45, 4987.0, 
0.45 - 0.5, 5005.0, 
0.5 - 0.55, 5001.0, 
0.55 - 0.6, 5001.0, 
0.6 - 0.65, 4992.0, 
0.65 - 0.7, 5039.0, 
0.7 - 0.75, 4995.0, 
0.75 - 0.8, 4968.0, 
0.8 - 0.85, 5017.0, 
0.85 - 0.9, 5028.0, 
0.9 - 0.95, 4976.0, 
0.95 - 1.0, 4989.0, 

a = 51749, x0 = 15206
Range, Frequency, 
0 - 0.05, 5093.0, 
0.05 - 0.1, 5093.0, 
0.1 - 0.15, 5093.0, 
0.15 - 0.2, 4630.0, 
0.2 - 0.25, 5093.0, 
0.25 - 0.3, 4630.0, 
0.3 - 0.35, 5556.0, 
0.35 - 0.4, 4629.0, 
0.4 - 0.45, 5092.0, 
0.45 - 0.5, 5091.0, 
0.5 - 0.55, 4629.0, 
0.55 - 0.6, 5555.0, 
0.6 - 0.65, 4630.0, 
0.65 - 0.7, 5093.0, 
0.7 - 0.75, 5093.0, 
0.75 - 0.8, 4630.0, 
0.8 - 0.85, 5556.0, 
0.85 - 0.9, 4630.0, 
0.9 - 0.95, 5093.0, 
0.95 - 1.0, 5091.0, 

a = 51749, x0 = 7822
Range, Frequency, 
0 - 0.05, 5087.0, 
0.05 - 0.1, 4986.0, 
0.1 - 0.15, 4991.0, 
0.15 - 0.2, 4939.0, 
0.2 - 0.25, 4985.0, 
0.25 - 0.3, 5042.0, 
0.3 - 0.35, 5039.0, 
0.35 - 0.4, 4991.0, 
0.4 - 0.45, 4946.0, 
0.45 - 0.5, 4996.0, 
0.5 - 0.55, 4998.0, 
0.55 - 0.6, 5097.0, 
0.6 - 0.65, 4940.0, 
0.65 - 0.7, 4992.0, 
0.7 - 0.75, 4993.0, 
0.75 - 0.8, 4992.0, 
0.8 - 0.85, 5038.0, 
0.85 - 0.9, 4979.0, 
0.9 - 0.95, 4984.0, 
0.95 - 1.0, 4985.0, 

a = 51749, x0 = 119068
Range, Frequency, 
0 - 0.05, 5038.0, 
0.05 - 0.1, 4996.0, 
0.1 - 0.15, 5035.0, 
0.15 - 0.2, 4993.0, 
0.2 - 0.25, 4935.0, 
0.25 - 0.3, 4984.0, 
0.3 - 0.35, 5051.0, 
0.35 - 0.4, 4989.0, 
0.4 - 0.45, 5041.0, 
0.45 - 0.5, 4943.0, 
0.5 - 0.55, 4942.0, 
0.55 - 0.6, 5034.0, 
0.6 - 0.65, 4992.0, 
0.65 - 0.7, 5036.0, 
0.7 - 0.75, 4992.0, 
0.75 - 0.8, 4941.0, 
0.8 - 0.85, 4988.0, 
0.85 - 0.9, 5040.0, 
0.9 - 0.95, 4991.0, 
0.95 - 1.0, 5039.0, 

a = 51749, x0 = 125059
Range, Frequency, 
0 - 0.05, 5045.0, 
0.05 - 0.1, 4984.0, 
0.1 - 0.15, 4990.0, 
0.15 - 0.2, 4993.0, 
0.2 - 0.25, 4989.0, 
0.25 - 0.3, 5043.0, 
0.3 - 0.35, 4983.0, 
0.35 - 0.4, 4946.0, 
0.4 - 0.45, 4992.0, 
0.45 - 0.5, 5037.0, 
0.5 - 0.55, 5037.0, 
0.55 - 0.6, 4997.0, 
0.6 - 0.65, 4937.0, 
0.65 - 0.7, 4990.0, 
0.7 - 0.75, 5036.0, 
0.75 - 0.8, 4991.0, 
0.8 - 0.85, 4996.0, 
0.85 - 0.9, 4986.0, 
0.9 - 0.95, 4983.0, 
0.95 - 1.0, 5045.0, 

a = 51749, x0 = 147876
Range, Frequency, 
0 - 0.05, 4986.0, 
0.05 - 0.1, 5044.0, 
0.1 - 0.15, 4998.0, 
0.15 - 0.2, 4982.0, 
0.2 - 0.25, 4986.0, 
0.25 - 0.3, 4996.0, 
0.3 - 0.35, 5040.0, 
0.35 - 0.4, 4931.0, 
0.4 - 0.45, 5044.0, 
0.45 - 0.5, 4992.0, 
0.5 - 0.55, 4993.0, 
0.55 - 0.6, 5038.0, 
0.6 - 0.65, 4931.0, 
0.65 - 0.7, 5047.0, 
0.7 - 0.75, 4994.0, 
0.75 - 0.8, 4981.0, 
0.8 - 0.85, 4989.0, 
0.85 - 0.9, 4998.0, 
0.9 - 0.95, 5044.0, 
0.95 - 1.0, 4986.0, 

a = 1597, x0 = 86125
Range, Frequency, 
0 - 0.05, 5019.0, 
0.05 - 0.1, 4997.0, 
0.1 - 0.15, 4996.0, 
0.15 - 0.2, 4991.0, 
0.2 - 0.25, 4999.0, 
0.25 - 0.3, 4997.0, 
0.3 - 0.35, 4995.0, 
0.35 - 0.4, 5007.0, 
0.4 - 0.45, 5030.0, 
0.45 - 0.5, 4985.0, 
0.5 - 0.55, 4998.0, 
0.55 - 0.6, 4977.0, 
0.6 - 0.65, 5020.0, 
0.65 - 0.7, 5008.0, 
0.7 - 0.75, 5027.0, 
0.75 - 0.8, 4998.0, 
0.8 - 0.85, 4986.0, 
0.85 - 0.9, 4978.0, 
0.9 - 0.95, 5008.0, 
0.95 - 1.0, 4984.0, 

a = 1597, x0 = 81176
Range, Frequency, 
0 - 0.05, 5010.0, 
0.05 - 0.1, 4998.0, 
0.1 - 0.15, 4994.0, 
0.15 - 0.2, 5021.0, 
0.2 - 0.25, 4975.0, 
0.25 - 0.3, 5001.0, 
0.3 - 0.35, 4993.0, 
0.35 - 0.4, 5002.0, 
0.4 - 0.45, 5003.0, 
0.45 - 0.5, 5024.0, 
0.5 - 0.55, 5011.0, 
0.55 - 0.6, 4990.0, 
0.6 - 0.65, 4981.0, 
0.65 - 0.7, 4989.0, 
0.7 - 0.75, 5018.0, 
0.75 - 0.8, 4970.0, 
0.8 - 0.85, 5000.0, 
0.85 - 0.9, 5014.0, 
0.9 - 0.95, 5011.0, 
0.95 - 1.0, 4995.0, 

a = 1597, x0 = 60123
Range, Frequency, 
0 - 0.05, 5013.0, 
0.05 - 0.1, 5019.0, 
0.1 - 0.15, 4989.0, 
0.15 - 0.2, 4988.0, 
0.2 - 0.25, 4993.0, 
0.25 - 0.3, 4994.0, 
0.3 - 0.35, 5007.0, 
0.35 - 0.4, 5003.0, 
0.4 - 0.45, 5014.0, 
0.45 - 0.5, 4983.0, 
0.5 - 0.55, 5022.0, 
0.55 - 0.6, 4957.0, 
0.6 - 0.65, 5022.0, 
0.65 - 0.7, 4989.0, 
0.7 - 0.75, 5035.0, 
0.75 - 0.8, 5033.0, 
0.8 - 0.85, 4977.0, 
0.85 - 0.9, 4973.0, 
0.9 - 0.95, 4999.0, 
0.95 - 1.0, 4990.0, 

a = 1597, x0 = 183719
Range, Frequency, 
0 - 0.05, 5005.0, 
0.05 - 0.1, 5025.0, 
0.1 - 0.15, 4984.0, 
0.15 - 0.2, 4994.0, 
0.2 - 0.25, 4994.0, 
0.25 - 0.3, 5005.0, 
0.3 - 0.35, 5014.0, 
0.35 - 0.4, 5034.0, 
0.4 - 0.45, 4976.0, 
0.45 - 0.5, 4982.0, 
0.5 - 0.55, 4994.0, 
0.55 - 0.6, 4990.0, 
0.6 - 0.65, 5013.0, 
0.65 - 0.7, 5008.0, 
0.7 - 0.75, 5006.0, 
0.75 - 0.8, 4986.0, 
0.8 - 0.85, 4997.0, 
0.85 - 0.9, 4985.0, 
0.9 - 0.95, 5007.0, 
0.95 - 1.0, 5001.0, 

a = 1597, x0 = 15738
Range, Frequency, 
0 - 0.05, 4985.0, 
0.05 - 0.1, 4983.0, 
0.1 - 0.15, 5017.0, 
0.15 - 0.2, 4975.0, 
0.2 - 0.25, 4991.0, 
0.25 - 0.3, 5000.0, 
0.3 - 0.35, 5008.0, 
0.35 - 0.4, 4983.0, 
0.4 - 0.45, 5009.0, 
0.45 - 0.5, 5035.0, 
0.5 - 0.55, 4997.0, 
0.55 - 0.6, 4982.0, 
0.6 - 0.65, 5000.0, 
0.65 - 0.7, 5030.0, 
0.7 - 0.75, 4977.0, 
0.75 - 0.8, 4986.0, 
0.8 - 0.85, 5022.0, 
0.85 - 0.9, 5004.0, 
0.9 - 0.95, 5001.0, 
0.95 - 1.0, 5015.0, 

a = 51749, x0 = 86125
Range, Frequency, 
0 - 0.05, 4983.0, 
0.05 - 0.1, 5040.0, 
0.1 - 0.15, 5044.0, 
0.15 - 0.2, 4989.0, 
0.2 - 0.25, 4937.0, 
0.25 - 0.3, 4987.0, 
0.3 - 0.35, 5039.0, 
0.35 - 0.4, 5002.0, 
0.4 - 0.45, 4983.0, 
0.45 - 0.5, 4988.0, 
0.5 - 0.55, 4993.0, 
0.55 - 0.6, 4991.0, 
0.6 - 0.65, 4986.0, 
0.65 - 0.7, 5041.0, 
0.7 - 0.75, 4994.0, 
0.75 - 0.8, 4942.0, 
0.8 - 0.85, 4990.0, 
0.85 - 0.9, 5032.0, 
0.9 - 0.95, 5047.0, 
0.95 - 1.0, 4992.0, 

a = 51749, x0 = 81176
Range, Frequency, 
0 - 0.05, 4630.0, 
0.05 - 0.1, 5555.0, 
0.1 - 0.15, 5555.0, 
0.15 - 0.2, 4630.0, 
0.2 - 0.25, 4629.0, 
0.25 - 0.3, 4630.0, 
0.3 - 0.35, 5556.0, 
0.35 - 0.4, 5556.0, 
0.4 - 0.45, 4630.0, 
0.45 - 0.5, 4630.0, 
0.5 - 0.55, 4630.0, 
0.55 - 0.6, 5556.0, 
0.6 - 0.65, 5555.0, 
0.65 - 0.7, 4629.0, 
0.7 - 0.75, 4630.0, 
0.75 - 0.8, 4630.0, 
0.8 - 0.85, 5556.0, 
0.85 - 0.9, 5555.0, 
0.9 - 0.95, 4630.0, 
0.95 - 1.0, 4628.0, 

a = 51749, x0 = 60123
Range, Frequency, 
0 - 0.05, 5100.0, 
0.05 - 0.1, 4935.0, 
0.1 - 0.15, 5040.0, 
0.15 - 0.2, 4945.0, 
0.2 - 0.25, 4984.0, 
0.25 - 0.3, 5095.0, 
0.3 - 0.35, 4937.0, 
0.35 - 0.4, 5040.0, 
0.4 - 0.45, 4935.0, 
0.45 - 0.5, 4993.0, 
0.5 - 0.55, 5088.0, 
0.55 - 0.6, 4943.0, 
0.6 - 0.65, 5045.0, 
0.65 - 0.7, 4932.0, 
0.7 - 0.75, 4991.0, 
0.75 - 0.8, 5094.0, 
0.8 - 0.85, 4936.0, 
0.85 - 0.9, 4987.0, 
0.9 - 0.95, 4991.0, 
0.95 - 1.0, 4989.0, 

a = 51749, x0 = 183719
Range, Frequency, 
0 - 0.05, 5099.0, 
0.05 - 0.1, 4785.0, 
0.1 - 0.15, 5088.0, 
0.15 - 0.2, 5089.0, 
0.2 - 0.25, 4936.0, 
0.25 - 0.3, 5091.0, 
0.3 - 0.35, 4785.0, 
0.35 - 0.4, 5091.0, 
0.4 - 0.45, 5092.0, 
0.45 - 0.5, 4939.0, 
0.5 - 0.55, 5091.0, 
0.55 - 0.6, 4782.0, 
0.6 - 0.65, 5089.0, 
0.65 - 0.7, 5089.0, 
0.7 - 0.75, 4936.0, 
0.75 - 0.8, 5095.0, 
0.8 - 0.85, 4787.0, 
0.85 - 0.9, 5098.0, 
0.9 - 0.95, 5097.0, 
0.95 - 1.0, 4941.0, 

a = 51749, x0 = 15738
Range, Frequency, 
0 - 0.05, 4986.0, 
0.05 - 0.1, 4945.0, 
0.1 - 0.15, 4939.0, 
0.15 - 0.2, 5038.0, 
0.2 - 0.25, 5093.0, 
0.25 - 0.3, 4990.0, 
0.3 - 0.35, 4939.0, 
0.35 - 0.4, 4935.0, 
0.4 - 0.45, 4986.0, 
0.45 - 0.5, 5150.0, 
0.5 - 0.55, 4994.0, 
0.55 - 0.6, 4927.0, 
0.6 - 0.65, 4940.0, 
0.65 - 0.7, 4993.0, 
0.7 - 0.75, 5150.0, 
0.75 - 0.8, 4985.0, 
0.8 - 0.85, 4935.0, 
0.85 - 0.9, 4941.0, 
0.9 - 0.95, 4997.0, 
0.95 - 1.0, 5137.0, 

a = 1597, x0 = 191630
Range, Frequency, 
0 - 0.05, 4969.0, 
0.05 - 0.1, 5006.0, 
0.1 - 0.15, 5000.0, 
0.15 - 0.2, 5016.0, 
0.2 - 0.25, 5009.0, 
0.25 - 0.3, 4995.0, 
0.3 - 0.35, 5007.0, 
0.35 - 0.4, 5004.0, 
0.4 - 0.45, 4984.0, 
0.45 - 0.5, 4996.0, 
0.5 - 0.55, 5009.0, 
0.55 - 0.6, 4984.0, 
0.6 - 0.65, 4992.0, 
0.65 - 0.7, 5008.0, 
0.7 - 0.75, 4994.0, 
0.75 - 0.8, 5023.0, 
0.8 - 0.85, 5004.0, 
0.85 - 0.9, 4971.0, 
0.9 - 0.95, 4998.0, 
0.95 - 1.0, 5031.0, 

a = 1597, x0 = 10779
Range, Frequency, 
0 - 0.05, 4993.0, 
0.05 - 0.1, 5002.0, 
0.1 - 0.15, 5014.0, 
0.15 - 0.2, 5027.0, 
0.2 - 0.25, 4976.0, 
0.25 - 0.3, 5008.0, 
0.3 - 0.35, 4978.0, 
0.35 - 0.4, 5016.0, 
0.4 - 0.45, 5013.0, 
0.45 - 0.5, 5014.0, 
0.5 - 0.55, 5000.0, 
0.55 - 0.6, 4989.0, 
0.6 - 0.65, 4986.0, 
0.65 - 0.7, 5007.0, 
0.7 - 0.75, 4985.0, 
0.75 - 0.8, 5010.0, 
0.8 - 0.85, 4994.0, 
0.85 - 0.9, 4995.0, 
0.9 - 0.95, 4983.0, 
0.95 - 1.0, 5010.0, 

a = 1597, x0 = 163319
Range, Frequency, 
0 - 0.05, 4994.0, 
0.05 - 0.1, 4991.0, 
0.1 - 0.15, 4974.0, 
0.15 - 0.2, 4994.0, 
0.2 - 0.25, 4989.0, 
0.25 - 0.3, 4997.0, 
0.3 - 0.35, 5011.0, 
0.35 - 0.4, 5020.0, 
0.4 - 0.45, 4988.0, 
0.45 - 0.5, 5008.0, 
0.5 - 0.55, 4987.0, 
0.55 - 0.6, 5010.0, 
0.6 - 0.65, 5016.0, 
0.65 - 0.7, 5039.0, 
0.7 - 0.75, 4991.0, 
0.75 - 0.8, 4984.0, 
0.8 - 0.85, 4992.0, 
0.85 - 0.9, 4997.0, 
0.9 - 0.95, 4992.0, 
0.95 - 1.0, 5026.0, 

a = 1597, x0 = 176395
Range, Frequency, 
0 - 0.05, 4996.0, 
0.05 - 0.1, 5007.0, 
0.1 - 0.15, 4990.0, 
0.15 - 0.2, 5014.0, 
0.2 - 0.25, 4988.0, 
0.25 - 0.3, 4993.0, 
0.3 - 0.35, 5020.0, 
0.35 - 0.4, 5009.0, 
0.4 - 0.45, 4976.0, 
0.45 - 0.5, 5007.0, 
0.5 - 0.55, 4996.0, 
0.55 - 0.6, 5018.0, 
0.6 - 0.65, 5018.0, 
0.65 - 0.7, 4990.0, 
0.7 - 0.75, 4994.0, 
0.75 - 0.8, 4991.0, 
0.8 - 0.85, 5005.0, 
0.85 - 0.9, 4979.0, 
0.9 - 0.95, 5002.0, 
0.95 - 1.0, 5007.0, 

a = 1597, x0 = 233463
Range, Frequency, 
0 - 0.05, 4995.0, 
0.05 - 0.1, 5000.0, 
0.1 - 0.15, 5003.0, 
0.15 - 0.2, 5017.0, 
0.2 - 0.25, 5031.0, 
0.25 - 0.3, 4999.0, 
0.3 - 0.35, 4977.0, 
0.35 - 0.4, 4990.0, 
0.4 - 0.45, 5001.0, 
0.45 - 0.5, 5009.0, 
0.5 - 0.55, 5014.0, 
0.55 - 0.6, 5003.0, 
0.6 - 0.65, 4975.0, 
0.65 - 0.7, 4981.0, 
0.7 - 0.75, 4979.0, 
0.75 - 0.8, 4996.0, 
0.8 - 0.85, 5004.0, 
0.85 - 0.9, 5028.0, 
0.9 - 0.95, 4976.0, 
0.95 - 1.0, 5022.0, 

a = 51749, x0 = 191630
Range, Frequency, 
0 - 0.05, 5400.0, 
0.05 - 0.1, 4784.0, 
0.1 - 0.15, 4789.0, 
0.15 - 0.2, 5405.0, 
0.2 - 0.25, 4634.0, 
0.25 - 0.3, 5098.0, 
0.3 - 0.35, 5097.0, 
0.35 - 0.4, 4627.0, 
0.4 - 0.45, 5401.0, 
0.45 - 0.5, 4782.0, 
0.5 - 0.55, 4780.0, 
0.55 - 0.6, 5398.0, 
0.6 - 0.65, 4629.0, 
0.65 - 0.7, 5092.0, 
0.7 - 0.75, 5092.0, 
0.75 - 0.8, 4628.0, 
0.8 - 0.85, 5401.0, 
0.85 - 0.9, 4783.0, 
0.9 - 0.95, 4782.0, 
0.95 - 1.0, 5398.0, 

a = 51749, x0 = 10779
Range, Frequency, 
0 - 0.05, 5050.0, 
0.05 - 0.1, 4982.0, 
0.1 - 0.15, 4989.0, 
0.15 - 0.2, 4990.0, 
0.2 - 0.25, 4992.0, 
0.25 - 0.3, 5041.0, 
0.3 - 0.35, 4982.0, 
0.35 - 0.4, 4989.0, 
0.4 - 0.45, 4998.0, 
0.45 - 0.5, 4990.0, 
0.5 - 0.55, 4982.0, 
0.55 - 0.6, 4996.0, 
0.6 - 0.65, 4993.0, 
0.65 - 0.7, 4988.0, 
0.7 - 0.75, 5038.0, 
0.75 - 0.8, 4993.0, 
0.8 - 0.85, 4993.0, 
0.85 - 0.9, 4989.0, 
0.9 - 0.95, 4980.0, 
0.95 - 1.0, 5045.0, 

a = 51749, x0 = 163319
Range, Frequency, 
0 - 0.05, 8334.0, 
0.05 - 0.1, 0.0, 
0.1 - 0.15, 4167.0, 
0.15 - 0.2, 4167.0, 
0.2 - 0.25, 8333.0, 
0.25 - 0.3, 8333.0, 
0.3 - 0.35, 0.0, 
0.35 - 0.4, 0.0, 
0.4 - 0.45, 8333.0, 
0.45 - 0.5, 8333.0, 
0.5 - 0.55, 8332.0, 
0.55 - 0.6, 0.0, 
0.6 - 0.65, 0.0, 
0.65 - 0.7, 8334.0, 
0.7 - 0.75, 8333.0, 
0.75 - 0.8, 4167.0, 
0.8 - 0.85, 4167.0, 
0.85 - 0.9, 0.0, 
0.9 - 0.95, 4166.0, 
0.95 - 1.0, 12501.0, 

a = 51749, x0 = 176395
Range, Frequency, 
0 - 0.05, 5094.0, 
0.05 - 0.1, 4932.0, 
0.1 - 0.15, 5093.0, 
0.15 - 0.2, 4942.0, 
0.2 - 0.25, 4939.0, 
0.25 - 0.3, 5040.0, 
0.3 - 0.35, 4986.0, 
0.35 - 0.4, 4996.0, 
0.4 - 0.45, 5040.0, 
0.45 - 0.5, 4935.0, 
0.5 - 0.55, 4937.0, 
0.55 - 0.6, 5045.0, 
0.6 - 0.65, 4984.0, 
0.65 - 0.7, 4991.0, 
0.7 - 0.75, 5042.0, 
0.75 - 0.8, 4943.0, 
0.8 - 0.85, 4940.0, 
0.85 - 0.9, 5086.0, 
0.9 - 0.95, 4938.0, 
0.95 - 1.0, 5097.0, 

a = 51749, x0 = 233463
Range, Frequency, 
0 - 0.05, 5044.0, 
0.05 - 0.1, 4986.0, 
0.1 - 0.15, 4992.0, 
0.15 - 0.2, 5043.0, 
0.2 - 0.25, 4932.0, 
0.25 - 0.3, 4997.0, 
0.3 - 0.35, 5041.0, 
0.35 - 0.4, 4938.0, 
0.4 - 0.45, 5041.0, 
0.45 - 0.5, 4992.0, 
0.5 - 0.55, 4987.0, 
0.55 - 0.6, 5042.0, 
0.6 - 0.65, 4935.0, 
0.65 - 0.7, 5041.0, 
0.7 - 0.75, 4994.0, 
0.75 - 0.8, 4934.0, 
0.8 - 0.85, 5041.0, 
0.85 - 0.9, 4991.0, 
0.9 - 0.95, 4989.0, 
0.95 - 1.0, 5040.0, 

a = 1597, x0 = 199207
Range, Frequency, 
0 - 0.05, 4989.0, 
0.05 - 0.1, 5008.0, 
0.1 - 0.15, 4984.0, 
0.15 - 0.2, 5019.0, 
0.2 - 0.25, 5005.0, 
0.25 - 0.3, 4997.0, 
0.3 - 0.35, 4996.0, 
0.35 - 0.4, 4995.0, 
0.4 - 0.45, 5005.0, 
0.45 - 0.5, 4990.0, 
0.5 - 0.55, 4989.0, 
0.55 - 0.6, 5006.0, 
0.6 - 0.65, 4991.0, 
0.65 - 0.7, 5012.0, 
0.7 - 0.75, 4983.0, 
0.75 - 0.8, 5015.0, 
0.8 - 0.85, 4983.0, 
0.85 - 0.9, 4999.0, 
0.9 - 0.95, 5015.0, 
0.95 - 1.0, 5019.0, 

a = 1597, x0 = 77918
Range, Frequency, 
0 - 0.05, 5022.0, 
0.05 - 0.1, 5009.0, 
0.1 - 0.15, 5003.0, 
0.15 - 0.2, 5018.0, 
0.2 - 0.25, 4977.0, 
0.25 - 0.3, 4999.0, 
0.3 - 0.35, 5023.0, 
0.35 - 0.4, 4962.0, 
0.4 - 0.45, 4997.0, 
0.45 - 0.5, 5026.0, 
0.5 - 0.55, 4996.0, 
0.55 - 0.6, 4991.0, 
0.6 - 0.65, 5014.0, 
0.65 - 0.7, 5025.0, 
0.7 - 0.75, 4973.0, 
0.75 - 0.8, 4985.0, 
0.8 - 0.85, 5005.0, 
0.85 - 0.9, 5021.0, 
0.9 - 0.95, 4969.0, 
0.95 - 1.0, 4985.0, 

a = 1597, x0 = 238953
Range, Frequency, 
0 - 0.05, 4994.0, 
0.05 - 0.1, 5011.0, 
0.1 - 0.15, 4988.0, 
0.15 - 0.2, 5015.0, 
0.2 - 0.25, 5015.0, 
0.25 - 0.3, 4995.0, 
0.3 - 0.35, 5003.0, 
0.35 - 0.4, 4989.0, 
0.4 - 0.45, 5007.0, 
0.45 - 0.5, 5001.0, 
0.5 - 0.55, 4980.0, 
0.55 - 0.6, 5002.0, 
0.6 - 0.65, 4979.0, 
0.65 - 0.7, 4999.0, 
0.7 - 0.75, 4976.0, 
0.75 - 0.8, 5012.0, 
0.8 - 0.85, 4986.0, 
0.85 - 0.9, 5004.0, 
0.9 - 0.95, 5011.0, 
0.95 - 1.0, 5033.0, 

a = 1597, x0 = 19133
Range, Frequency, 
0 - 0.05, 5017.0, 
0.05 - 0.1, 5009.0, 
0.1 - 0.15, 4976.0, 
0.15 - 0.2, 4981.0, 
0.2 - 0.25, 4977.0, 
0.25 - 0.3, 5002.0, 
0.3 - 0.35, 5010.0, 
0.35 - 0.4, 5021.0, 
0.4 - 0.45, 4979.0, 
0.45 - 0.5, 5018.0, 
0.5 - 0.55, 4993.0, 
0.55 - 0.6, 4998.0, 
0.6 - 0.65, 5001.0, 
0.65 - 0.7, 5019.0, 
0.7 - 0.75, 5028.0, 
0.75 - 0.8, 4999.0, 
0.8 - 0.85, 4976.0, 
0.85 - 0.9, 4994.0, 
0.9 - 0.95, 4991.0, 
0.95 - 1.0, 5011.0, 

a = 1597, x0 = 50583
Range, Frequency, 
0 - 0.05, 5001.0, 
0.05 - 0.1, 5021.0, 
0.1 - 0.15, 4985.0, 
0.15 - 0.2, 5013.0, 
0.2 - 0.25, 4979.0, 
0.25 - 0.3, 5022.0, 
0.3 - 0.35, 4985.0, 
0.35 - 0.4, 5013.0, 
0.4 - 0.45, 4987.0, 
0.45 - 0.5, 5024.0, 
0.5 - 0.55, 4997.0, 
0.55 - 0.6, 4993.0, 
0.6 - 0.65, 5002.0, 
0.65 - 0.7, 4990.0, 
0.7 - 0.75, 5017.0, 
0.75 - 0.8, 5000.0, 
0.8 - 0.85, 5001.0, 
0.85 - 0.9, 4968.0, 
0.9 - 0.95, 5004.0, 
0.95 - 1.0, 4998.0, 

a = 51749, x0 = 199207
Range, Frequency, 
0 - 0.05, 5044.0, 
0.05 - 0.1, 4991.0, 
0.1 - 0.15, 4998.0, 
0.15 - 0.2, 5001.0, 
0.2 - 0.25, 4988.0, 
0.25 - 0.3, 5041.0, 
0.3 - 0.35, 4934.0, 
0.35 - 0.4, 5037.0, 
0.4 - 0.45, 4988.0, 
0.45 - 0.5, 4987.0, 
0.5 - 0.55, 4985.0, 
0.55 - 0.6, 4985.0, 
0.6 - 0.65, 5036.0, 
0.65 - 0.7, 4932.0, 
0.7 - 0.75, 5037.0, 
0.75 - 0.8, 4991.0, 
0.8 - 0.85, 4993.0, 
0.85 - 0.9, 4989.0, 
0.9 - 0.95, 4995.0, 
0.95 - 1.0, 5048.0, 

a = 51749, x0 = 77918
Range, Frequency, 
0 - 0.05, 5556.0, 
0.05 - 0.1, 5556.0, 
0.1 - 0.15, 4167.0, 
0.15 - 0.2, 5555.0, 
0.2 - 0.25, 4167.0, 
0.25 - 0.3, 5555.0, 
0.3 - 0.35, 4167.0, 
0.35 - 0.4, 5556.0, 
0.4 - 0.45, 4167.0, 
0.45 - 0.5, 5556.0, 
0.5 - 0.55, 5556.0, 
0.55 - 0.6, 4167.0, 
0.6 - 0.65, 5556.0, 
0.65 - 0.7, 4165.0, 
0.7 - 0.75, 5553.0, 
0.75 - 0.8, 4166.0, 
0.8 - 0.85, 5556.0, 
0.85 - 0.9, 4167.0, 
0.9 - 0.95, 5556.0, 
0.95 - 1.0, 5556.0, 

a = 51749, x0 = 238953
Range, Frequency, 
0 - 0.05, 5043.0, 
0.05 - 0.1, 5043.0, 
0.1 - 0.15, 4937.0, 
0.15 - 0.2, 5038.0, 
0.2 - 0.25, 4943.0, 
0.25 - 0.3, 5040.0, 
0.3 - 0.35, 4938.0, 
0.35 - 0.4, 5050.0, 
0.4 - 0.45, 4928.0, 
0.45 - 0.5, 5046.0, 
0.5 - 0.55, 5041.0, 
0.55 - 0.6, 4937.0, 
0.6 - 0.65, 5042.0, 
0.65 - 0.7, 4939.0, 
0.7 - 0.75, 5038.0, 
0.75 - 0.8, 4937.0, 
0.8 - 0.85, 5043.0, 
0.85 - 0.9, 4930.0, 
0.9 - 0.95, 5050.0, 
0.95 - 1.0, 5037.0, 

a = 51749, x0 = 19133
Range, Frequency, 
0 - 0.05, 4937.0, 
0.05 - 0.1, 5091.0, 
0.1 - 0.15, 4939.0, 
0.15 - 0.2, 5093.0, 
0.2 - 0.25, 4938.0, 
0.25 - 0.3, 4941.0, 
0.3 - 0.35, 4934.0, 
0.35 - 0.4, 5092.0, 
0.4 - 0.45, 5093.0, 
0.45 - 0.5, 4940.0, 
0.5 - 0.55, 4938.0, 
0.55 - 0.6, 4940.0, 
0.6 - 0.65, 5093.0, 
0.65 - 0.7, 5093.0, 
0.7 - 0.75, 4939.0, 
0.75 - 0.8, 4934.0, 
0.8 - 0.85, 4945.0, 
0.85 - 0.9, 5089.0, 
0.9 - 0.95, 4938.0, 
0.95 - 1.0, 5093.0, 

a = 51749, x0 = 50583
Range, Frequency, 
0 - 0.05, 5045.0, 
0.05 - 0.1, 5046.0, 
0.1 - 0.15, 4930.0, 
0.15 - 0.2, 5046.0, 
0.2 - 0.25, 4937.0, 
0.25 - 0.3, 5041.0, 
0.3 - 0.35, 4941.0, 
0.35 - 0.4, 5038.0, 
0.4 - 0.45, 4934.0, 
0.45 - 0.5, 5050.0, 
0.5 - 0.55, 5037.0, 
0.55 - 0.6, 4939.0, 
0.6 - 0.65, 5049.0, 
0.65 - 0.7, 4934.0, 
0.7 - 0.75, 5041.0, 
0.75 - 0.8, 4938.0, 
0.8 - 0.85, 5042.0, 
0.85 - 0.9, 4936.0, 
0.9 - 0.95, 5044.0, 
0.95 - 1.0, 5032.0, 

a = 1597, x0 = 57192
Range, Frequency, 
0 - 0.05, 5031.0, 
0.05 - 0.1, 5020.0, 
0.1 - 0.15, 5002.0, 
0.15 - 0.2, 4997.0, 
0.2 - 0.25, 4990.0, 
0.25 - 0.3, 5012.0, 
0.3 - 0.35, 4980.0, 
0.35 - 0.4, 4997.0, 
0.4 - 0.45, 5002.0, 
0.45 - 0.5, 5014.0, 
0.5 - 0.55, 5009.0, 
0.55 - 0.6, 5018.0, 
0.6 - 0.65, 4973.0, 
0.65 - 0.7, 4998.0, 
0.7 - 0.75, 5013.0, 
0.75 - 0.8, 4973.0, 
0.8 - 0.85, 4990.0, 
0.85 - 0.9, 5014.0, 
0.9 - 0.95, 4995.0, 
0.95 - 1.0, 4972.0, 

a = 1597, x0 = 178602
Range, Frequency, 
0 - 0.05, 4983.0, 
0.05 - 0.1, 5013.0, 
0.1 - 0.15, 5035.0, 
0.15 - 0.2, 4993.0, 
0.2 - 0.25, 4977.0, 
0.25 - 0.3, 5010.0, 
0.3 - 0.35, 5017.0, 
0.35 - 0.4, 4985.0, 
0.4 - 0.45, 4989.0, 
0.45 - 0.5, 5002.0, 
0.5 - 0.55, 5009.0, 
0.55 - 0.6, 4988.0, 
0.6 - 0.65, 5027.0, 
0.65 - 0.7, 4978.0, 
0.7 - 0.75, 5015.0, 
0.75 - 0.8, 4998.0, 
0.8 - 0.85, 4980.0, 
0.85 - 0.9, 4989.0, 
0.9 - 0.95, 5014.0, 
0.95 - 1.0, 4998.0, 

a = 1597, x0 = 85455
Range, Frequency, 
0 - 0.05, 4993.0, 
0.05 - 0.1, 5007.0, 
0.1 - 0.15, 4991.0, 
0.15 - 0.2, 5015.0, 
0.2 - 0.25, 4988.0, 
0.25 - 0.3, 4995.0, 
0.3 - 0.35, 5019.0, 
0.35 - 0.4, 5011.0, 
0.4 - 0.45, 4974.0, 
0.45 - 0.5, 5008.0, 
0.5 - 0.55, 5000.0, 
0.55 - 0.6, 5018.0, 
0.6 - 0.65, 5017.0, 
0.65 - 0.7, 4987.0, 
0.7 - 0.75, 4992.0, 
0.75 - 0.8, 4993.0, 
0.8 - 0.85, 5004.0, 
0.85 - 0.9, 4979.0, 
0.9 - 0.95, 5000.0, 
0.95 - 1.0, 5009.0, 

a = 1597, x0 = 41762
Range, Frequency, 
0 - 0.05, 4985.0, 
0.05 - 0.1, 5001.0, 
0.1 - 0.15, 5016.0, 
0.15 - 0.2, 4998.0, 
0.2 - 0.25, 4990.0, 
0.25 - 0.3, 5040.0, 
0.3 - 0.35, 5001.0, 
0.35 - 0.4, 4969.0, 
0.4 - 0.45, 5015.0, 
0.45 - 0.5, 5007.0, 
0.5 - 0.55, 4986.0, 
0.55 - 0.6, 4996.0, 
0.6 - 0.65, 5011.0, 
0.65 - 0.7, 4972.0, 
0.7 - 0.75, 5052.0, 
0.75 - 0.8, 5010.0, 
0.8 - 0.85, 4965.0, 
0.85 - 0.9, 4994.0, 
0.9 - 0.95, 5022.0, 
0.95 - 1.0, 4970.0, 

a = 1597, x0 = 209794
Range, Frequency, 
0 - 0.05, 4996.0, 
0.05 - 0.1, 5024.0, 
0.1 - 0.15, 4986.0, 
0.15 - 0.2, 5013.0, 
0.2 - 0.25, 4996.0, 
0.25 - 0.3, 4978.0, 
0.3 - 0.35, 5009.0, 
0.35 - 0.4, 5009.0, 
0.4 - 0.45, 4980.0, 
0.45 - 0.5, 4989.0, 
0.5 - 0.55, 5016.0, 
0.55 - 0.6, 5010.0, 
0.6 - 0.65, 5011.0, 
0.65 - 0.7, 4998.0, 
0.7 - 0.75, 4984.0, 
0.75 - 0.8, 5002.0, 
0.8 - 0.85, 4992.0, 
0.85 - 0.9, 4990.0, 
0.9 - 0.95, 4999.0, 
0.95 - 1.0, 5018.0, 

a = 51749, x0 = 57192
Range, Frequency, 
0 - 0.05, 4990.0, 
0.05 - 0.1, 5001.0, 
0.1 - 0.15, 5033.0, 
0.15 - 0.2, 4936.0, 
0.2 - 0.25, 5040.0, 
0.25 - 0.3, 4996.0, 
0.3 - 0.35, 4987.0, 
0.35 - 0.4, 4991.0, 
0.4 - 0.45, 4987.0, 
0.45 - 0.5, 5044.0, 
0.5 - 0.55, 4988.0, 
0.55 - 0.6, 4931.0, 
0.6 - 0.65, 4992.0, 
0.65 - 0.7, 5045.0, 
0.7 - 0.75, 5038.0, 
0.75 - 0.8, 4987.0, 
0.8 - 0.85, 4943.0, 
0.85 - 0.9, 4991.0, 
0.9 - 0.95, 5040.0, 
0.95 - 1.0, 5040.0, 

a = 51749, x0 = 178602
Range, Frequency, 
0 - 0.05, 5157.0, 
0.05 - 0.1, 4933.0, 
0.1 - 0.15, 4989.0, 
0.15 - 0.2, 4988.0, 
0.2 - 0.25, 4943.0, 
0.25 - 0.3, 5092.0, 
0.3 - 0.35, 4985.0, 
0.35 - 0.4, 4934.0, 
0.4 - 0.45, 4997.0, 
0.45 - 0.5, 4991.0, 
0.5 - 0.55, 4983.0, 
0.55 - 0.6, 5096.0, 
0.6 - 0.65, 4939.0, 
0.65 - 0.7, 4993.0, 
0.7 - 0.75, 4987.0, 
0.75 - 0.8, 4936.0, 
0.8 - 0.85, 5095.0, 
0.85 - 0.9, 4997.0, 
0.9 - 0.95, 4978.0, 
0.95 - 1.0, 4987.0, 

a = 51749, x0 = 85455
Range, Frequency, 
0 - 0.05, 5094.0, 
0.05 - 0.1, 4991.0, 
0.1 - 0.15, 4937.0, 
0.15 - 0.2, 4989.0, 
0.2 - 0.25, 4989.0, 
0.25 - 0.3, 5085.0, 
0.3 - 0.35, 4935.0, 
0.35 - 0.4, 4984.0, 
0.4 - 0.45, 4982.0, 
0.45 - 0.5, 4978.0, 
0.5 - 0.55, 5035.0, 
0.55 - 0.6, 4990.0, 
0.6 - 0.65, 4992.0, 
0.65 - 0.7, 4996.0, 
0.7 - 0.75, 4995.0, 
0.75 - 0.8, 5044.0, 
0.8 - 0.85, 4992.0, 
0.85 - 0.9, 4993.0, 
0.9 - 0.95, 4999.0, 
0.95 - 1.0, 5000.0, 

a = 51749, x0 = 41762
Range, Frequency, 
0 - 0.05, 5096.0, 
0.05 - 0.1, 4937.0, 
0.1 - 0.15, 4935.0, 
0.15 - 0.2, 5251.0, 
0.2 - 0.25, 4785.0, 
0.25 - 0.3, 4935.0, 
0.3 - 0.35, 5095.0, 
0.35 - 0.4, 4940.0, 
0.4 - 0.45, 5248.0, 
0.45 - 0.5, 4782.0, 
0.5 - 0.55, 4782.0, 
0.55 - 0.6, 5246.0, 
0.6 - 0.65, 4942.0, 
0.65 - 0.7, 5087.0, 
0.7 - 0.75, 4938.0, 
0.75 - 0.8, 4786.0, 
0.8 - 0.85, 5247.0, 
0.85 - 0.9, 4937.0, 
0.9 - 0.95, 4938.0, 
0.95 - 1.0, 5093.0, 

a = 51749, x0 = 209794
Range, Frequency, 
0 - 0.05, 5048.0, 
0.05 - 0.1, 5096.0, 
0.1 - 0.15, 4982.0, 
0.15 - 0.2, 4938.0, 
0.2 - 0.25, 4941.0, 
0.25 - 0.3, 4991.0, 
0.3 - 0.35, 4990.0, 
0.35 - 0.4, 5085.0, 
0.4 - 0.45, 4991.0, 
0.45 - 0.5, 4946.0, 
0.5 - 0.55, 4930.0, 
0.55 - 0.6, 4991.0, 
0.6 - 0.65, 5095.0, 
0.65 - 0.7, 4991.0, 
0.7 - 0.75, 4983.0, 
0.75 - 0.8, 4940.0, 
0.8 - 0.85, 4940.0, 
0.85 - 0.9, 4999.0, 
0.9 - 0.95, 5089.0, 
0.95 - 1.0, 5034.0, 

a = 1597, x0 = 76194
Range, Frequency, 
0 - 0.05, 5005.0, 
0.05 - 0.1, 4981.0, 
0.1 - 0.15, 5011.0, 
0.15 - 0.2, 5039.0, 
0.2 - 0.25, 4990.0, 
0.25 - 0.3, 4975.0, 
0.3 - 0.35, 5000.0, 
0.35 - 0.4, 5038.0, 
0.4 - 0.45, 4985.0, 
0.45 - 0.5, 4968.0, 
0.5 - 0.55, 5024.0, 
0.55 - 0.6, 5001.0, 
0.6 - 0.65, 4995.0, 
0.65 - 0.7, 5029.0, 
0.7 - 0.75, 4978.0, 
0.75 - 0.8, 4993.0, 
0.8 - 0.85, 5009.0, 
0.85 - 0.9, 4973.0, 
0.9 - 0.95, 4989.0, 
0.95 - 1.0, 5017.0, 

a = 1597, x0 = 80441
Range, Frequency, 
0 - 0.05, 4988.0, 
0.05 - 0.1, 4990.0, 
0.1 - 0.15, 4995.0, 
0.15 - 0.2, 4994.0, 
0.2 - 0.25, 5022.0, 
0.25 - 0.3, 4997.0, 
0.3 - 0.35, 4997.0, 
0.35 - 0.4, 4979.0, 
0.4 - 0.45, 5006.0, 
0.45 - 0.5, 4993.0, 
0.5 - 0.55, 4998.0, 
0.55 - 0.6, 5002.0, 
0.6 - 0.65, 5022.0, 
0.65 - 0.7, 4979.0, 
0.7 - 0.75, 4999.0, 
0.75 - 0.8, 4994.0, 
0.8 - 0.85, 5007.0, 
0.85 - 0.9, 5024.0, 
0.9 - 0.95, 5021.0, 
0.95 - 1.0, 4993.0, 

a = 1597, x0 = 53973
Range, Frequency, 
0 - 0.05, 5009.0, 
0.05 - 0.1, 5016.0, 
0.1 - 0.15, 5004.0, 
0.15 - 0.2, 4985.0, 
0.2 - 0.25, 4982.0, 
0.25 - 0.3, 4976.0, 
0.3 - 0.35, 5006.0, 
0.35 - 0.4, 5002.0, 
0.4 - 0.45, 5025.0, 
0.45 - 0.5, 4981.0, 
0.5 - 0.55, 5018.0, 
0.55 - 0.6, 4977.0, 
0.6 - 0.65, 5012.0, 
0.65 - 0.7, 4992.0, 
0.7 - 0.75, 5011.0, 
0.75 - 0.8, 5046.0, 
0.8 - 0.85, 4996.0, 
0.85 - 0.9, 4969.0, 
0.9 - 0.95, 4998.0, 
0.95 - 1.0, 4995.0, 

a = 1597, x0 = 88092
Range, Frequency, 
0 - 0.05, 5003.0, 
0.05 - 0.1, 5003.0, 
0.1 - 0.15, 4988.0, 
0.15 - 0.2, 5050.0, 
0.2 - 0.25, 4998.0, 
0.25 - 0.3, 4965.0, 
0.3 - 0.35, 5005.0, 
0.35 - 0.4, 5019.0, 
0.4 - 0.45, 4970.0, 
0.45 - 0.5, 4984.0, 
0.5 - 0.55, 5023.0, 
0.55 - 0.6, 4990.0, 
0.6 - 0.65, 5013.0, 
0.65 - 0.7, 5015.0, 
0.7 - 0.75, 5002.0, 
0.75 - 0.8, 4990.0, 
0.8 - 0.85, 4989.0, 
0.85 - 0.9, 5004.0, 
0.9 - 0.95, 4995.0, 
0.95 - 1.0, 4994.0, 

a = 1597, x0 = 116734
Range, Frequency, 
0 - 0.05, 4984.0, 
0.05 - 0.1, 4998.0, 
0.1 - 0.15, 5009.0, 
0.15 - 0.2, 4974.0, 
0.2 - 0.25, 5042.0, 
0.25 - 0.3, 5012.0, 
0.3 - 0.35, 4977.0, 
0.35 - 0.4, 4990.0, 
0.4 - 0.45, 5022.0, 
0.45 - 0.5, 4983.0, 
0.5 - 0.55, 4987.0, 
0.55 - 0.6, 4992.0, 
0.6 - 0.65, 5023.0, 
0.65 - 0.7, 4991.0, 
0.7 - 0.75, 4987.0, 
0.75 - 0.8, 5041.0, 
0.8 - 0.85, 5006.0, 
0.85 - 0.9, 4969.0, 
0.9 - 0.95, 5014.0, 
0.95 - 1.0, 4999.0, 

a = 51749, x0 = 76194
Range, Frequency, 
0 - 0.05, 4991.0, 
0.05 - 0.1, 4995.0, 
0.1 - 0.15, 4981.0, 
0.15 - 0.2, 5032.0, 
0.2 - 0.25, 4984.0, 
0.25 - 0.3, 4986.0, 
0.3 - 0.35, 4984.0, 
0.35 - 0.4, 4936.0, 
0.4 - 0.45, 5090.0, 
0.45 - 0.5, 4991.0, 
0.5 - 0.55, 4991.0, 
0.55 - 0.6, 4936.0, 
0.6 - 0.65, 4991.0, 
0.65 - 0.7, 5046.0, 
0.7 - 0.75, 5050.0, 
0.75 - 0.8, 4993.0, 
0.8 - 0.85, 4938.0, 
0.85 - 0.9, 4994.0, 
0.9 - 0.95, 4995.0, 
0.95 - 1.0, 5096.0, 

a = 51749, x0 = 80441
Range, Frequency, 
0 - 0.05, 5090.0, 
0.05 - 0.1, 4937.0, 
0.1 - 0.15, 4937.0, 
0.15 - 0.2, 5091.0, 
0.2 - 0.25, 4936.0, 
0.25 - 0.3, 4934.0, 
0.3 - 0.35, 4936.0, 
0.35 - 0.4, 5091.0, 
0.4 - 0.45, 5093.0, 
0.45 - 0.5, 4936.0, 
0.5 - 0.55, 4939.0, 
0.55 - 0.6, 4938.0, 
0.6 - 0.65, 5092.0, 
0.65 - 0.7, 5094.0, 
0.7 - 0.75, 4940.0, 
0.75 - 0.8, 4940.0, 
0.8 - 0.85, 4941.0, 
0.85 - 0.9, 5097.0, 
0.9 - 0.95, 5096.0, 
0.95 - 1.0, 4942.0, 

a = 51749, x0 = 53973
Range, Frequency, 
0 - 0.05, 5044.0, 
0.05 - 0.1, 4996.0, 
0.1 - 0.15, 4949.0, 
0.15 - 0.2, 5049.0, 
0.2 - 0.25, 4993.0, 
0.25 - 0.3, 4989.0, 
0.3 - 0.35, 5036.0, 
0.35 - 0.4, 4938.0, 
0.4 - 0.45, 5045.0, 
0.45 - 0.5, 4984.0, 
0.5 - 0.55, 4986.0, 
0.55 - 0.6, 5033.0, 
0.6 - 0.65, 4933.0, 
0.65 - 0.7, 5034.0, 
0.7 - 0.75, 4984.0, 
0.75 - 0.8, 4988.0, 
0.8 - 0.85, 5043.0, 
0.85 - 0.9, 4940.0, 
0.9 - 0.95, 4991.0, 
0.95 - 1.0, 5045.0, 

a = 51749, x0 = 88092
Range, Frequency, 
0 - 0.05, 5087.0, 
0.05 - 0.1, 4937.0, 
0.1 - 0.15, 4988.0, 
0.15 - 0.2, 5037.0, 
0.2 - 0.25, 4937.0, 
0.25 - 0.3, 5041.0, 
0.3 - 0.35, 4983.0, 
0.35 - 0.4, 4937.0, 
0.4 - 0.45, 5098.0, 
0.45 - 0.5, 4952.0, 
0.5 - 0.55, 4944.0, 
0.55 - 0.6, 5096.0, 
0.6 - 0.65, 4940.0, 
0.65 - 0.7, 4993.0, 
0.7 - 0.75, 5047.0, 
0.75 - 0.8, 4943.0, 
0.8 - 0.85, 5041.0, 
0.85 - 0.9, 4984.0, 
0.9 - 0.95, 4931.0, 
0.95 - 1.0, 5084.0, 

a = 51749, x0 = 116734
Range, Frequency, 
0 - 0.05, 4987.0, 
0.05 - 0.1, 4992.0, 
0.1 - 0.15, 4992.0, 
0.15 - 0.2, 5094.0, 
0.2 - 0.25, 4935.0, 
0.25 - 0.3, 4989.0, 
0.3 - 0.35, 4999.0, 
0.35 - 0.4, 4931.0, 
0.4 - 0.45, 5090.0, 
0.45 - 0.5, 4991.0, 
0.5 - 0.55, 4995.0, 
0.55 - 0.6, 4989.0, 
0.6 - 0.65, 4936.0, 
0.65 - 0.7, 4987.0, 
0.7 - 0.75, 5097.0, 
0.75 - 0.8, 4939.0, 
0.8 - 0.85, 4983.0, 
0.85 - 0.9, 4990.0, 
0.9 - 0.95, 4942.0, 
0.95 - 1.0, 5142.0, 

a = 1597, x0 = 167028
Range, Frequency, 
0 - 0.05, 5021.0, 
0.05 - 0.1, 4998.0, 
0.1 - 0.15, 4995.0, 
0.15 - 0.2, 5036.0, 
0.2 - 0.25, 4982.0, 
0.25 - 0.3, 4995.0, 
0.3 - 0.35, 5003.0, 
0.35 - 0.4, 4973.0, 
0.4 - 0.45, 4988.0, 
0.45 - 0.5, 5009.0, 
0.5 - 0.55, 5003.0, 
0.55 - 0.6, 4984.0, 
0.6 - 0.65, 5002.0, 
0.65 - 0.7, 5043.0, 
0.7 - 0.75, 4999.0, 
0.75 - 0.8, 4972.0, 
0.8 - 0.85, 4999.0, 
0.85 - 0.9, 5036.0, 
0.9 - 0.95, 4986.0, 
0.95 - 1.0, 4976.0, 

a = 1597, x0 = 15226
Range, Frequency, 
0 - 0.05, 4988.0, 
0.05 - 0.1, 5003.0, 
0.1 - 0.15, 5015.0, 
0.15 - 0.2, 5001.0, 
0.2 - 0.25, 4989.0, 
0.25 - 0.3, 5036.0, 
0.3 - 0.35, 4994.0, 
0.35 - 0.4, 4972.0, 
0.4 - 0.45, 5012.0, 
0.45 - 0.5, 5006.0, 
0.5 - 0.55, 4984.0, 
0.55 - 0.6, 4998.0, 
0.6 - 0.65, 5016.0, 
0.65 - 0.7, 4972.0, 
0.7 - 0.75, 5047.0, 
0.75 - 0.8, 5008.0, 
0.8 - 0.85, 4965.0, 
0.85 - 0.9, 4998.0, 
0.9 - 0.95, 5025.0, 
0.95 - 1.0, 4971.0, 

a = 1597, x0 = 242328
Range, Frequency, 
0 - 0.05, 5038.0, 
0.05 - 0.1, 5004.0, 
0.1 - 0.15, 4970.0, 
0.15 - 0.2, 5001.0, 
0.2 - 0.25, 5003.0, 
0.25 - 0.3, 4990.0, 
0.3 - 0.35, 4987.0, 
0.35 - 0.4, 4997.0, 
0.4 - 0.45, 4986.0, 
0.45 - 0.5, 5028.0, 
0.5 - 0.55, 5021.0, 
0.55 - 0.6, 4989.0, 
0.6 - 0.65, 5000.0, 
0.65 - 0.7, 5009.0, 
0.7 - 0.75, 4992.0, 
0.75 - 0.8, 4997.0, 
0.8 - 0.85, 4992.0, 
0.85 - 0.9, 5024.0, 
0.9 - 0.95, 4997.0, 
0.95 - 1.0, 4975.0, 

a = 1597, x0 = 11671
Range, Frequency, 
0 - 0.05, 5013.0, 
0.05 - 0.1, 5011.0, 
0.1 - 0.15, 5045.0, 
0.15 - 0.2, 4981.0, 
0.2 - 0.25, 4982.0, 
0.25 - 0.3, 4994.0, 
0.3 - 0.35, 4991.0, 
0.35 - 0.4, 5017.0, 
0.4 - 0.45, 5009.0, 
0.45 - 0.5, 5002.0, 
0.5 - 0.55, 4978.0, 
0.55 - 0.6, 4986.0, 
0.6 - 0.65, 4981.0, 
0.65 - 0.7, 4998.0, 
0.7 - 0.75, 5002.0, 
0.75 - 0.8, 5010.0, 
0.8 - 0.85, 5019.0, 
0.85 - 0.9, 4987.0, 
0.9 - 0.95, 5005.0, 
0.95 - 1.0, 4989.0, 

a = 1597, x0 = 182412
Range, Frequency, 
0 - 0.05, 4991.0, 
0.05 - 0.1, 4996.0, 
0.1 - 0.15, 4992.0, 
0.15 - 0.2, 5001.0, 
0.2 - 0.25, 5036.0, 
0.25 - 0.3, 5010.0, 
0.3 - 0.35, 4985.0, 
0.35 - 0.4, 4989.0, 
0.4 - 0.45, 5010.0, 
0.45 - 0.5, 4990.0, 
0.5 - 0.55, 4981.0, 
0.55 - 0.6, 5011.0, 
0.6 - 0.65, 5005.0, 
0.65 - 0.7, 4980.0, 
0.7 - 0.75, 5027.0, 
0.75 - 0.8, 5008.0, 
0.8 - 0.85, 4992.0, 
0.85 - 0.9, 4999.0, 
0.9 - 0.95, 4985.0, 
0.95 - 1.0, 5012.0, 

a = 51749, x0 = 167028
Range, Frequency, 
0 - 0.05, 4984.0, 
0.05 - 0.1, 5041.0, 
0.1 - 0.15, 5000.0, 
0.15 - 0.2, 4983.0, 
0.2 - 0.25, 4988.0, 
0.25 - 0.3, 4993.0, 
0.3 - 0.35, 5039.0, 
0.35 - 0.4, 4938.0, 
0.4 - 0.45, 5041.0, 
0.45 - 0.5, 4989.0, 
0.5 - 0.55, 4994.0, 
0.55 - 0.6, 5038.0, 
0.6 - 0.65, 4931.0, 
0.65 - 0.7, 5047.0, 
0.7 - 0.75, 4995.0, 
0.75 - 0.8, 4983.0, 
0.8 - 0.85, 4992.0, 
0.85 - 0.9, 4989.0, 
0.9 - 0.95, 5048.0, 
0.95 - 1.0, 4987.0, 

a = 51749, x0 = 15226
Range, Frequency, 
0 - 0.05, 5036.0, 
0.05 - 0.1, 5043.0, 
0.1 - 0.15, 4940.0, 
0.15 - 0.2, 5038.0, 
0.2 - 0.25, 4941.0, 
0.25 - 0.3, 5040.0, 
0.3 - 0.35, 4937.0, 
0.35 - 0.4, 5040.0, 
0.4 - 0.45, 4944.0, 
0.45 - 0.5, 5027.0, 
0.5 - 0.55, 5048.0, 
0.55 - 0.6, 4936.0, 
0.6 - 0.65, 5040.0, 
0.65 - 0.7, 4943.0, 
0.7 - 0.75, 5038.0, 
0.75 - 0.8, 4941.0, 
0.8 - 0.85, 5040.0, 
0.85 - 0.9, 4941.0, 
0.9 - 0.95, 5036.0, 
0.95 - 1.0, 5051.0, 

a = 51749, x0 = 242328
Range, Frequency, 
0 - 0.05, 5035.0, 
0.05 - 0.1, 5045.0, 
0.1 - 0.15, 4984.0, 
0.15 - 0.2, 4995.0, 
0.2 - 0.25, 4935.0, 
0.25 - 0.3, 5040.0, 
0.3 - 0.35, 4994.0, 
0.35 - 0.4, 4991.0, 
0.4 - 0.45, 5037.0, 
0.45 - 0.5, 4938.0, 
0.5 - 0.55, 4943.0, 
0.55 - 0.6, 5030.0, 
0.6 - 0.65, 4999.0, 
0.65 - 0.7, 4985.0, 
0.7 - 0.75, 5044.0, 
0.75 - 0.8, 4945.0, 
0.8 - 0.85, 4987.0, 
0.85 - 0.9, 4989.0, 
0.9 - 0.95, 5042.0, 
0.95 - 1.0, 5042.0, 

a = 51749, x0 = 11671
Range, Frequency, 
0 - 0.05, 5043.0, 
0.05 - 0.1, 4989.0, 
0.1 - 0.15, 4990.0, 
0.15 - 0.2, 5036.0, 
0.2 - 0.25, 4946.0, 
0.25 - 0.3, 5029.0, 
0.3 - 0.35, 4991.0, 
0.35 - 0.4, 4994.0, 
0.4 - 0.45, 4987.0, 
0.45 - 0.5, 4995.0, 
0.5 - 0.55, 4991.0, 
0.55 - 0.6, 4989.0, 
0.6 - 0.65, 4991.0, 
0.65 - 0.7, 4991.0, 
0.7 - 0.75, 5033.0, 
0.75 - 0.8, 4949.0, 
0.8 - 0.85, 5036.0, 
0.85 - 0.9, 4988.0, 
0.9 - 0.95, 4996.0, 
0.95 - 1.0, 5036.0, 

a = 51749, x0 = 182412
Range, Frequency, 
0 - 0.05, 5090.0, 
0.05 - 0.1, 4989.0, 
0.1 - 0.15, 4991.0, 
0.15 - 0.2, 4938.0, 
0.2 - 0.25, 4989.0, 
0.25 - 0.3, 5038.0, 
0.3 - 0.35, 5050.0, 
0.35 - 0.4, 4997.0, 
0.4 - 0.45, 4939.0, 
0.45 - 0.5, 4992.0, 
0.5 - 0.55, 4997.0, 
0.55 - 0.6, 5098.0, 
0.6 - 0.65, 4941.0, 
0.65 - 0.7, 4992.0, 
0.7 - 0.75, 4995.0, 
0.75 - 0.8, 4978.0, 
0.8 - 0.85, 5036.0, 
0.85 - 0.9, 4985.0, 
0.9 - 0.95, 4980.0, 
0.95 - 1.0, 4985.0, 

a = 1597, x0 = 184269
Range, Frequency, 
0 - 0.05, 4999.0, 
0.05 - 0.1, 4995.0, 
0.1 - 0.15, 5001.0, 
0.15 - 0.2, 4996.0, 
0.2 - 0.25, 5011.0, 
0.25 - 0.3, 4987.0, 
0.3 - 0.35, 4986.0, 
0.35 - 0.4, 5022.0, 
0.4 - 0.45, 5011.0, 
0.45 - 0.5, 4974.0, 
0.5 - 0.55, 5017.0, 
0.55 - 0.6, 4986.0, 
0.6 - 0.65, 5031.0, 
0.65 - 0.7, 5000.0, 
0.7 - 0.75, 5001.0, 
0.75 - 0.8, 4996.0, 
0.8 - 0.85, 4999.0, 
0.85 - 0.9, 4996.0, 
0.9 - 0.95, 4997.0, 
0.95 - 1.0, 4995.0, 

a = 1597, x0 = 39160
Range, Frequency, 
0 - 0.05, 5005.0, 
0.05 - 0.1, 5005.0, 
0.1 - 0.15, 5002.0, 
0.15 - 0.2, 5014.0, 
0.2 - 0.25, 5021.0, 
0.25 - 0.3, 4978.0, 
0.3 - 0.35, 4991.0, 
0.35 - 0.4, 4986.0, 
0.4 - 0.45, 5010.0, 
0.45 - 0.5, 4978.0, 
0.5 - 0.55, 4990.0, 
0.55 - 0.6, 5011.0, 
0.6 - 0.65, 5018.0, 
0.65 - 0.7, 5002.0, 
0.7 - 0.75, 5005.0, 
0.75 - 0.8, 4989.0, 
0.8 - 0.85, 4992.0, 
0.85 - 0.9, 5031.0, 
0.9 - 0.95, 4974.0, 
0.95 - 1.0, 4998.0, 

a = 1597, x0 = 49989
Range, Frequency, 
0 - 0.05, 5012.0, 
0.05 - 0.1, 5021.0, 
0.1 - 0.15, 4978.0, 
0.15 - 0.2, 5014.0, 
0.2 - 0.25, 4989.0, 
0.25 - 0.3, 4998.0, 
0.3 - 0.35, 4998.0, 
0.35 - 0.4, 5016.0, 
0.4 - 0.45, 5025.0, 
0.45 - 0.5, 4996.0, 
0.5 - 0.55, 4984.0, 
0.55 - 0.6, 4983.0, 
0.6 - 0.65, 5014.0, 
0.65 - 0.7, 5001.0, 
0.7 - 0.75, 5025.0, 
0.75 - 0.8, 4995.0, 
0.8 - 0.85, 4989.0, 
0.85 - 0.9, 4970.0, 
0.9 - 0.95, 4987.0, 
0.95 - 1.0, 5005.0, 

a = 1597, x0 = 216298
Range, Frequency, 
0 - 0.05, 5018.0, 
0.05 - 0.1, 5002.0, 
0.1 - 0.15, 4977.0, 
0.15 - 0.2, 5030.0, 
0.2 - 0.25, 4998.0, 
0.25 - 0.3, 5003.0, 
0.3 - 0.35, 4997.0, 
0.35 - 0.4, 4987.0, 
0.4 - 0.45, 5006.0, 
0.45 - 0.5, 5011.0, 
0.5 - 0.55, 4986.0, 
0.55 - 0.6, 4994.0, 
0.6 - 0.65, 4997.0, 
0.65 - 0.7, 5037.0, 
0.7 - 0.75, 5010.0, 
0.75 - 0.8, 4979.0, 
0.8 - 0.85, 4995.0, 
0.85 - 0.9, 5012.0, 
0.9 - 0.95, 4988.0, 
0.95 - 1.0, 4973.0, 

a = 1597, x0 = 186574
Range, Frequency, 
0 - 0.05, 4984.0, 
0.05 - 0.1, 5012.0, 
0.1 - 0.15, 5022.0, 
0.15 - 0.2, 4988.0, 
0.2 - 0.25, 4998.0, 
0.25 - 0.3, 5004.0, 
0.3 - 0.35, 4998.0, 
0.35 - 0.4, 4997.0, 
0.4 - 0.45, 4977.0, 
0.45 - 0.5, 5021.0, 
0.5 - 0.55, 4990.0, 
0.55 - 0.6, 4996.0, 
0.6 - 0.65, 5044.0, 
0.65 - 0.7, 5003.0, 
0.7 - 0.75, 4972.0, 
0.75 - 0.8, 4997.0, 
0.8 - 0.85, 5010.0, 
0.85 - 0.9, 4984.0, 
0.9 - 0.95, 4992.0, 
0.95 - 1.0, 5011.0, 

a = 51749, x0 = 184269
Range, Frequency, 
0 - 0.05, 5040.0, 
0.05 - 0.1, 5047.0, 
0.1 - 0.15, 4933.0, 
0.15 - 0.2, 5041.0, 
0.2 - 0.25, 4942.0, 
0.25 - 0.3, 5041.0, 
0.3 - 0.35, 4938.0, 
0.35 - 0.4, 5049.0, 
0.4 - 0.45, 4931.0, 
0.45 - 0.5, 5048.0, 
0.5 - 0.55, 5039.0, 
0.55 - 0.6, 4939.0, 
0.6 - 0.65, 5044.0, 
0.65 - 0.7, 4937.0, 
0.7 - 0.75, 5039.0, 
0.75 - 0.8, 4935.0, 
0.8 - 0.85, 5045.0, 
0.85 - 0.9, 4928.0, 
0.9 - 0.95, 5051.0, 
0.95 - 1.0, 5033.0, 

a = 51749, x0 = 39160
Range, Frequency, 
0 - 0.05, 5097.0, 
0.05 - 0.1, 4999.0, 
0.1 - 0.15, 4949.0, 
0.15 - 0.2, 5047.0, 
0.2 - 0.25, 4946.0, 
0.25 - 0.3, 5045.0, 
0.3 - 0.35, 5040.0, 
0.35 - 0.4, 4943.0, 
0.4 - 0.45, 4992.0, 
0.45 - 0.5, 4983.0, 
0.5 - 0.55, 4986.0, 
0.55 - 0.6, 5035.0, 
0.6 - 0.65, 4981.0, 
0.65 - 0.7, 4932.0, 
0.7 - 0.75, 5039.0, 
0.75 - 0.8, 4935.0, 
0.8 - 0.85, 5038.0, 
0.85 - 0.9, 5042.0, 
0.9 - 0.95, 4938.0, 
0.95 - 1.0, 5033.0, 

a = 51749, x0 = 49989
Range, Frequency, 
0 - 0.05, 5152.0, 
0.05 - 0.1, 4928.0, 
0.1 - 0.15, 4941.0, 
0.15 - 0.2, 4938.0, 
0.2 - 0.25, 5039.0, 
0.25 - 0.3, 5088.0, 
0.3 - 0.35, 4996.0, 
0.35 - 0.4, 4932.0, 
0.4 - 0.45, 4944.0, 
0.45 - 0.5, 5040.0, 
0.5 - 0.55, 5088.0, 
0.55 - 0.6, 4996.0, 
0.6 - 0.65, 4935.0, 
0.65 - 0.7, 4937.0, 
0.7 - 0.75, 5043.0, 
0.75 - 0.8, 5100.0, 
0.8 - 0.85, 4983.0, 
0.85 - 0.9, 4946.0, 
0.9 - 0.95, 4934.0, 
0.95 - 1.0, 5040.0, 

a = 51749, x0 = 216298
Range, Frequency, 
0 - 0.05, 5093.0, 
0.05 - 0.1, 4941.0, 
0.1 - 0.15, 4994.0, 
0.15 - 0.2, 5037.0, 
0.2 - 0.25, 4932.0, 
0.25 - 0.3, 5036.0, 
0.3 - 0.35, 4984.0, 
0.35 - 0.4, 4932.0, 
0.4 - 0.45, 5090.0, 
0.45 - 0.5, 4938.0, 
0.5 - 0.55, 4932.0, 
0.55 - 0.6, 5091.0, 
0.6 - 0.65, 4937.0, 
0.65 - 0.7, 4988.0, 
0.7 - 0.75, 5047.0, 
0.75 - 0.8, 4947.0, 
0.8 - 0.85, 5046.0, 
0.85 - 0.9, 4994.0, 
0.9 - 0.95, 4942.0, 
0.95 - 1.0, 5099.0, 

a = 51749, x0 = 186574
Range, Frequency, 
0 - 0.05, 4985.0, 
0.05 - 0.1, 4984.0, 
0.1 - 0.15, 4996.0, 
0.15 - 0.2, 5097.0, 
0.2 - 0.25, 4934.0, 
0.25 - 0.3, 4986.0, 
0.3 - 0.35, 4996.0, 
0.35 - 0.4, 4933.0, 
0.4 - 0.45, 5090.0, 
0.45 - 0.5, 4988.0, 
0.5 - 0.55, 4994.0, 
0.55 - 0.6, 4992.0, 
0.6 - 0.65, 4935.0, 
0.65 - 0.7, 4988.0, 
0.7 - 0.75, 5098.0, 
0.75 - 0.8, 4940.0, 
0.8 - 0.85, 4982.0, 
0.85 - 0.9, 4993.0, 
0.9 - 0.95, 4942.0, 
0.95 - 1.0, 5147.0, 

a = 1597, x0 = 151336
Range, Frequency, 
0 - 0.05, 4990.0, 
0.05 - 0.1, 4995.0, 
0.1 - 0.15, 5008.0, 
0.15 - 0.2, 4981.0, 
0.2 - 0.25, 5037.0, 
0.25 - 0.3, 5022.0, 
0.3 - 0.35, 4980.0, 
0.35 - 0.4, 4994.0, 
0.4 - 0.45, 5018.0, 
0.45 - 0.5, 4988.0, 
0.5 - 0.55, 4992.0, 
0.55 - 0.6, 4981.0, 
0.6 - 0.65, 5023.0, 
0.65 - 0.7, 4993.0, 
0.7 - 0.75, 4982.0, 
0.75 - 0.8, 5045.0, 
0.8 - 0.85, 5003.0, 
0.85 - 0.9, 4965.0, 
0.9 - 0.95, 5002.0, 
0.95 - 1.0, 5001.0, 

a = 1597, x0 = 199471
Range, Frequency, 
0 - 0.05, 4987.0, 
0.05 - 0.1, 5006.0, 
0.1 - 0.15, 4994.0, 
0.15 - 0.2, 4998.0, 
0.2 - 0.25, 5002.0, 
0.25 - 0.3, 4986.0, 
0.3 - 0.35, 4989.0, 
0.35 - 0.4, 4981.0, 
0.4 - 0.45, 5002.0, 
0.45 - 0.5, 4992.0, 
0.5 - 0.55, 5004.0, 
0.55 - 0.6, 5018.0, 
0.6 - 0.65, 5028.0, 
0.65 - 0.7, 4972.0, 
0.7 - 0.75, 5017.0, 
0.75 - 0.8, 4993.0, 
0.8 - 0.85, 5009.0, 
0.85 - 0.9, 5028.0, 
0.9 - 0.95, 4998.0, 
0.95 - 1.0, 4996.0, 

a = 1597, x0 = 142793
Range, Frequency, 
0 - 0.05, 4999.0, 
0.05 - 0.1, 5008.0, 
0.1 - 0.15, 5001.0, 
0.15 - 0.2, 5020.0, 
0.2 - 0.25, 5000.0, 
0.25 - 0.3, 5036.0, 
0.3 - 0.35, 4976.0, 
0.35 - 0.4, 5003.0, 
0.4 - 0.45, 4983.0, 
0.45 - 0.5, 5002.0, 
0.5 - 0.55, 5022.0, 
0.55 - 0.6, 5011.0, 
0.6 - 0.65, 4979.0, 
0.65 - 0.7, 4980.0, 
0.7 - 0.75, 4976.0, 
0.75 - 0.8, 4986.0, 
0.8 - 0.85, 5004.0, 
0.85 - 0.9, 5022.0, 
0.9 - 0.95, 4981.0, 
0.95 - 1.0, 5011.0, 

a = 1597, x0 = 77100
Range, Frequency, 
0 - 0.05, 4990.0, 
0.05 - 0.1, 4996.0, 
0.1 - 0.15, 4994.0, 
0.15 - 0.2, 5000.0, 
0.2 - 0.25, 5033.0, 
0.25 - 0.3, 5007.0, 
0.3 - 0.35, 4980.0, 
0.35 - 0.4, 4992.0, 
0.4 - 0.45, 5011.0, 
0.45 - 0.5, 4987.0, 
0.5 - 0.55, 4984.0, 
0.55 - 0.6, 5015.0, 
0.6 - 0.65, 5005.0, 
0.65 - 0.7, 4986.0, 
0.7 - 0.75, 5027.0, 
0.75 - 0.8, 5004.0, 
0.8 - 0.85, 4992.0, 
0.85 - 0.9, 4999.0, 
0.9 - 0.95, 4985.0, 
0.95 - 1.0, 5013.0, 

a = 1597, x0 = 28885
Range, Frequency, 
0 - 0.05, 4981.0, 
0.05 - 0.1, 4994.0, 
0.1 - 0.15, 5003.0, 
0.15 - 0.2, 5012.0, 
0.2 - 0.25, 4988.0, 
0.25 - 0.3, 5000.0, 
0.3 - 0.35, 4970.0, 
0.35 - 0.4, 5019.0, 
0.4 - 0.45, 4992.0, 
0.45 - 0.5, 5032.0, 
0.5 - 0.55, 5000.0, 
0.55 - 0.6, 5003.0, 
0.6 - 0.65, 4973.0, 
0.65 - 0.7, 5014.0, 
0.7 - 0.75, 4997.0, 
0.75 - 0.8, 4989.0, 
0.8 - 0.85, 5018.0, 
0.85 - 0.9, 5019.0, 
0.9 - 0.95, 5018.0, 
0.95 - 1.0, 4978.0, 

a = 51749, x0 = 151336
Range, Frequency, 
0 - 0.05, 5085.0, 
0.05 - 0.1, 4986.0, 
0.1 - 0.15, 4935.0, 
0.15 - 0.2, 5040.0, 
0.2 - 0.25, 4934.0, 
0.25 - 0.3, 5040.0, 
0.3 - 0.35, 5042.0, 
0.35 - 0.4, 4938.0, 
0.4 - 0.45, 4996.0, 
0.45 - 0.5, 4998.0, 
0.5 - 0.55, 4997.0, 
0.55 - 0.6, 5038.0, 
0.6 - 0.65, 4994.0, 
0.65 - 0.7, 4943.0, 
0.7 - 0.75, 5049.0, 
0.75 - 0.8, 4944.0, 
0.8 - 0.85, 5044.0, 
0.85 - 0.9, 5034.0, 
0.9 - 0.95, 4928.0, 
0.95 - 1.0, 5035.0, 

a = 51749, x0 = 199471
Range, Frequency, 
0 - 0.05, 5098.0, 
0.05 - 0.1, 4988.0, 
0.1 - 0.15, 4939.0, 
0.15 - 0.2, 4933.0, 
0.2 - 0.25, 5042.0, 
0.25 - 0.3, 5044.0, 
0.3 - 0.35, 5037.0, 
0.35 - 0.4, 4935.0, 
0.4 - 0.45, 4946.0, 
0.45 - 0.5, 5042.0, 
0.5 - 0.55, 5037.0, 
0.55 - 0.6, 5044.0, 
0.6 - 0.65, 4939.0, 
0.65 - 0.7, 4939.0, 
0.7 - 0.75, 5037.0, 
0.75 - 0.8, 5036.0, 
0.8 - 0.85, 5051.0, 
0.85 - 0.9, 4942.0, 
0.9 - 0.95, 4932.0, 
0.95 - 1.0, 5039.0, 

a = 51749, x0 = 142793
Range, Frequency, 
0 - 0.05, 5245.0, 
0.05 - 0.1, 4940.0, 
0.1 - 0.15, 4939.0, 
0.15 - 0.2, 5092.0, 
0.2 - 0.25, 4783.0, 
0.25 - 0.3, 5096.0, 
0.3 - 0.35, 5092.0, 
0.35 - 0.4, 4781.0, 
0.4 - 0.45, 5096.0, 
0.45 - 0.5, 4936.0, 
0.5 - 0.55, 4939.0, 
0.55 - 0.6, 5090.0, 
0.6 - 0.65, 4784.0, 
0.65 - 0.7, 5094.0, 
0.7 - 0.75, 5092.0, 
0.75 - 0.8, 4782.0, 
0.8 - 0.85, 5094.0, 
0.85 - 0.9, 4941.0, 
0.9 - 0.95, 4935.0, 
0.95 - 1.0, 5249.0, 

a = 51749, x0 = 77100
Range, Frequency, 
0 - 0.05, 4990.0, 
0.05 - 0.1, 4933.0, 
0.1 - 0.15, 4986.0, 
0.15 - 0.2, 5045.0, 
0.2 - 0.25, 5044.0, 
0.25 - 0.3, 4986.0, 
0.3 - 0.35, 4935.0, 
0.35 - 0.4, 4997.0, 
0.4 - 0.45, 5040.0, 
0.45 - 0.5, 5035.0, 
0.5 - 0.55, 4993.0, 
0.55 - 0.6, 4943.0, 
0.6 - 0.65, 4993.0, 
0.65 - 0.7, 5034.0, 
0.7 - 0.75, 5036.0, 
0.75 - 0.8, 4994.0, 
0.8 - 0.85, 4948.0, 
0.85 - 0.9, 4929.0, 
0.9 - 0.95, 5042.0, 
0.95 - 1.0, 5097.0, 

a = 51749, x0 = 28885
Range, Frequency, 
0 - 0.05, 5090.0, 
0.05 - 0.1, 4936.0, 
0.1 - 0.15, 4937.0, 
0.15 - 0.2, 5103.0, 
0.2 - 0.25, 4937.0, 
0.25 - 0.3, 5083.0, 
0.3 - 0.35, 4945.0, 
0.35 - 0.4, 4940.0, 
0.4 - 0.45, 5037.0, 
0.45 - 0.5, 4986.0, 
0.5 - 0.55, 4993.0, 
0.55 - 0.6, 5041.0, 
0.6 - 0.65, 4940.0, 
0.65 - 0.7, 4928.0, 
0.7 - 0.75, 5098.0, 
0.75 - 0.8, 4946.0, 
0.8 - 0.85, 5089.0, 
0.85 - 0.9, 4931.0, 
0.9 - 0.95, 4943.0, 
0.95 - 1.0, 5097.0, 

a = 1597, x0 = 171615
Range, Frequency, 
0 - 0.05, 5010.0, 
0.05 - 0.1, 5017.0, 
0.1 - 0.15, 4982.0, 
0.15 - 0.2, 5006.0, 
0.2 - 0.25, 4988.0, 
0.25 - 0.3, 5002.0, 
0.3 - 0.35, 4993.0, 
0.35 - 0.4, 5021.0, 
0.4 - 0.45, 5004.0, 
0.45 - 0.5, 5024.0, 
0.5 - 0.55, 4983.0, 
0.55 - 0.6, 4987.0, 
0.6 - 0.65, 5000.0, 
0.65 - 0.7, 4998.0, 
0.7 - 0.75, 5018.0, 
0.75 - 0.8, 4997.0, 
0.8 - 0.85, 4998.0, 
0.85 - 0.9, 4972.0, 
0.9 - 0.95, 4997.0, 
0.95 - 1.0, 5003.0, 

a = 1597, x0 = 233027
Range, Frequency, 
0 - 0.05, 5010.0, 
0.05 - 0.1, 5019.0, 
0.1 - 0.15, 4993.0, 
0.15 - 0.2, 5000.0, 
0.2 - 0.25, 4991.0, 
0.25 - 0.3, 4987.0, 
0.3 - 0.35, 5008.0, 
0.35 - 0.4, 5004.0, 
0.4 - 0.45, 5003.0, 
0.45 - 0.5, 4989.0, 
0.5 - 0.55, 4979.0, 
0.55 - 0.6, 5005.0, 
0.6 - 0.65, 4991.0, 
0.65 - 0.7, 5031.0, 
0.7 - 0.75, 4978.0, 
0.75 - 0.8, 5014.0, 
0.8 - 0.85, 4968.0, 
0.85 - 0.9, 5029.0, 
0.9 - 0.95, 4988.0, 
0.95 - 1.0, 5013.0, 

a = 1597, x0 = 141702
Range, Frequency, 
0 - 0.05, 4983.0, 
0.05 - 0.1, 5002.0, 
0.1 - 0.15, 5029.0, 
0.15 - 0.2, 4968.0, 
0.2 - 0.25, 4979.0, 
0.25 - 0.3, 5025.0, 
0.3 - 0.35, 5000.0, 
0.35 - 0.4, 5002.0, 
0.4 - 0.45, 5020.0, 
0.45 - 0.5, 4973.0, 
0.5 - 0.55, 4998.0, 
0.55 - 0.6, 5019.0, 
0.6 - 0.65, 4965.0, 
0.65 - 0.7, 4998.0, 
0.7 - 0.75, 5025.0, 
0.75 - 0.8, 5003.0, 
0.8 - 0.85, 4988.0, 
0.85 - 0.9, 5018.0, 
0.9 - 0.95, 5027.0, 
0.95 - 1.0, 4978.0, 

a = 1597, x0 = 235912
Range, Frequency, 
0 - 0.05, 5049.0, 
0.05 - 0.1, 5005.0, 
0.1 - 0.15, 4966.0, 
0.15 - 0.2, 5000.0, 
0.2 - 0.25, 5000.0, 
0.25 - 0.3, 4992.0, 
0.3 - 0.35, 4986.0, 
0.35 - 0.4, 5007.0, 
0.4 - 0.45, 4976.0, 
0.45 - 0.5, 5034.0, 
0.5 - 0.55, 5024.0, 
0.55 - 0.6, 4981.0, 
0.6 - 0.65, 4995.0, 
0.65 - 0.7, 5020.0, 
0.7 - 0.75, 4986.0, 
0.75 - 0.8, 4992.0, 
0.8 - 0.85, 4985.0, 
0.85 - 0.9, 5024.0, 
0.9 - 0.95, 4993.0, 
0.95 - 1.0, 4985.0, 

a = 1597, x0 = 174112
Range, Frequency, 
0 - 0.05, 4976.0, 
0.05 - 0.1, 5007.0, 
0.1 - 0.15, 5005.0, 
0.15 - 0.2, 4981.0, 
0.2 - 0.25, 5018.0, 
0.25 - 0.3, 5014.0, 
0.3 - 0.35, 5005.0, 
0.35 - 0.4, 5000.0, 
0.4 - 0.45, 4970.0, 
0.45 - 0.5, 5015.0, 
0.5 - 0.55, 5014.0, 
0.55 - 0.6, 4980.0, 
0.6 - 0.65, 4999.0, 
0.65 - 0.7, 5004.0, 
0.7 - 0.75, 5024.0, 
0.75 - 0.8, 5015.0, 
0.8 - 0.85, 4983.0, 
0.85 - 0.9, 4997.0, 
0.9 - 0.95, 5008.0, 
0.95 - 1.0, 4985.0, 

a = 51749, x0 = 171615
Range, Frequency, 
0 - 0.05, 5095.0, 
0.05 - 0.1, 4991.0, 
0.1 - 0.15, 4932.0, 
0.15 - 0.2, 4999.0, 
0.2 - 0.25, 4985.0, 
0.25 - 0.3, 5089.0, 
0.3 - 0.35, 4995.0, 
0.35 - 0.4, 4937.0, 
0.4 - 0.45, 4987.0, 
0.45 - 0.5, 4994.0, 
0.5 - 0.55, 5090.0, 
0.55 - 0.6, 4988.0, 
0.6 - 0.65, 4946.0, 
0.65 - 0.7, 4979.0, 
0.7 - 0.75, 4995.0, 
0.75 - 0.8, 5046.0, 
0.8 - 0.85, 4986.0, 
0.85 - 0.9, 4991.0, 
0.9 - 0.95, 4938.0, 
0.95 - 1.0, 5037.0, 

a = 51749, x0 = 233027
Range, Frequency, 
0 - 0.05, 5557.0, 
0.05 - 0.1, 4628.0, 
0.1 - 0.15, 5092.0, 
0.15 - 0.2, 5092.0, 
0.2 - 0.25, 4632.0, 
0.25 - 0.3, 5090.0, 
0.3 - 0.35, 5094.0, 
0.35 - 0.4, 4632.0, 
0.4 - 0.45, 5555.0, 
0.45 - 0.5, 4632.0, 
0.5 - 0.55, 4628.0, 
0.55 - 0.6, 5555.0, 
0.6 - 0.65, 4631.0, 
0.65 - 0.7, 5095.0, 
0.7 - 0.75, 5088.0, 
0.75 - 0.8, 4634.0, 
0.8 - 0.85, 5089.0, 
0.85 - 0.9, 5090.0, 
0.9 - 0.95, 4631.0, 
0.95 - 1.0, 5555.0, 

a = 51749, x0 = 141702
Range, Frequency, 
0 - 0.05, 5045.0, 
0.05 - 0.1, 4988.0, 
0.1 - 0.15, 4984.0, 
0.15 - 0.2, 4993.0, 
0.2 - 0.25, 4992.0, 
0.25 - 0.3, 5042.0, 
0.3 - 0.35, 4931.0, 
0.35 - 0.4, 5047.0, 
0.4 - 0.45, 4993.0, 
0.45 - 0.5, 4984.0, 
0.5 - 0.55, 4986.0, 
0.55 - 0.6, 4994.0, 
0.6 - 0.65, 5043.0, 
0.65 - 0.7, 4937.0, 
0.7 - 0.75, 5037.0, 
0.75 - 0.8, 4991.0, 
0.8 - 0.85, 4994.0, 
0.85 - 0.9, 4985.0, 
0.9 - 0.95, 4986.0, 
0.95 - 1.0, 5048.0, 

a = 51749, x0 = 235912
Range, Frequency, 
0 - 0.05, 5039.0, 
0.05 - 0.1, 4933.0, 
0.1 - 0.15, 5040.0, 
0.15 - 0.2, 4998.0, 
0.2 - 0.25, 4991.0, 
0.25 - 0.3, 5033.0, 
0.3 - 0.35, 4934.0, 
0.35 - 0.4, 5052.0, 
0.4 - 0.45, 4992.0, 
0.45 - 0.5, 4980.0, 
0.5 - 0.55, 5045.0, 
0.55 - 0.6, 4939.0, 
0.6 - 0.65, 5044.0, 
0.65 - 0.7, 4986.0, 
0.7 - 0.75, 4989.0, 
0.75 - 0.8, 5043.0, 
0.8 - 0.85, 4944.0, 
0.85 - 0.9, 4929.0, 
0.9 - 0.95, 5093.0, 
0.95 - 1.0, 4996.0, 

a = 51749, x0 = 174112
Range, Frequency, 
0 - 0.05, 5045.0, 
0.05 - 0.1, 5041.0, 
0.1 - 0.15, 4939.0, 
0.15 - 0.2, 5045.0, 
0.2 - 0.25, 4944.0, 
0.25 - 0.3, 5033.0, 
0.3 - 0.35, 4939.0, 
0.35 - 0.4, 5045.0, 
0.4 - 0.45, 4935.0, 
0.45 - 0.5, 5044.0, 
0.5 - 0.55, 5041.0, 
0.55 - 0.6, 4935.0, 
0.6 - 0.65, 5044.0, 
0.65 - 0.7, 4937.0, 
0.7 - 0.75, 5035.0, 
0.75 - 0.8, 4943.0, 
0.8 - 0.85, 5039.0, 
0.85 - 0.9, 4933.0, 
0.9 - 0.95, 5045.0, 
0.95 - 1.0, 5038.0, 

